{
	"credit": "Made with Blockbench",
	"texture_size": [64, 64],
	"textures": {
		"1": "littlelogistics:block/rays_automatic_switch_rail_left_off",
		"particle": "littlelogistics:block/rays_automatic_switch_rail_left_off"
	},
	"elements": [
		{
			"from": [12, 1, 0],
			"to": [13, 2, 16],
			"faces": {
				"north": {"uv": [2, 6.25, 2.25, 6.5], "texture": "#1"},
				"east": {"uv": [3, 3.5, 7, 3.75], "texture": "#1"},
				"south": {"uv": [3, 6.25, 3.25, 6.5], "texture": "#1"},
				"west": {"uv": [3, 3.75, 7, 4], "texture": "#1"},
				"up": {"uv": [0.25, 8, 0, 4], "texture": "#1"},
				"down": {"uv": [0.5, 4, 0.25, 8], "texture": "#1"}
			}
		},
		{
			"from": [3, 1, 0],
			"to": [4, 2, 16],
			"faces": {
				"north": {"uv": [3.25, 6.25, 3.5, 6.5], "texture": "#1"},
				"east": {"uv": [0.5, 4, 4.5, 4.25], "texture": "#1"},
				"south": {"uv": [6.25, 3.25, 6.5, 3.5], "texture": "#1"},
				"west": {"uv": [0.5, 4.25, 4.5, 4.5], "texture": "#1"},
				"up": {"uv": [0.75, 8.5, 0.5, 4.5], "texture": "#1"},
				"down": {"uv": [1, 4.5, 0.75, 8.5], "texture": "#1"}
			}
		},
		{
			"name": "connector",
			"from": [0, 1, 3],
			"to": [2.516, 1.5, 4],
			"rotation": {"angle": 0, "axis": "y", "origin": [1.258, 1.5, 3.5]},
			"faces": {
				"north": {"uv": [4.5, 5.75, 5.25, 6], "texture": "#1"},
				"east": {"uv": [3.5, 6.25, 3.75, 6.5], "texture": "#1"},
				"south": {"uv": [5.25, 5.75, 6, 6], "texture": "#1"},
				"west": {"uv": [3.75, 6.25, 4, 6.5], "texture": "#1"},
				"up": {"uv": [6.75, 1.5, 6, 1.25], "texture": "#1"},
				"down": {"uv": [2.25, 6, 1.5, 6.25], "texture": "#1"}
			}
		},
		{
			"name": "-22,5",
			"from": [11.0495, 1.002, 8.79],
			"to": [12.0495, 1.498, 13.77],
			"rotation": {"angle": 22.5, "axis": "y", "origin": [11.56487, 1.5, 11.29797]},
			"faces": {
				"north": {"uv": [4, 6.25, 4.25, 6.5], "texture": "#1"},
				"east": {"uv": [5, 3.25, 6.25, 3.5], "texture": "#1"},
				"south": {"uv": [4.25, 6.25, 4.5, 6.5], "texture": "#1"},
				"west": {"uv": [4, 5, 5.25, 5.25], "texture": "#1"},
				"up": {"uv": [1.25, 6.5, 1, 5.25], "texture": "#1"},
				"down": {"uv": [1.5, 5.25, 1.25, 6.5], "texture": "#1"}
			}
		},
		{
			"name": "22,5",
			"from": [2.1441, 1.002, 3.9533],
			"to": [7.2251, 1.498, 4.9533],
			"rotation": {"angle": -22.5, "axis": "y", "origin": [4.73637, 1.5, 4.40954]},
			"faces": {
				"north": {"uv": [1.5, 5.25, 2.75, 5.5], "texture": "#1"},
				"east": {"uv": [4.5, 6.25, 4.75, 6.5], "texture": "#1"},
				"south": {"uv": [2.75, 5.25, 4, 5.5], "texture": "#1"},
				"west": {"uv": [4.75, 6.25, 5, 6.5], "texture": "#1"},
				"up": {"uv": [5.25, 5.5, 4, 5.25], "texture": "#1"},
				"down": {"uv": [6.5, 5, 5.25, 5.25], "texture": "#1"}
			}
		},
		{
			"name": "45",
			"from": [6.12591, 1, 6.74485],
			"to": [11.57391, 1.5, 7.74485],
			"rotation": {"angle": -45, "axis": "y", "origin": [8.84591, 1.5, 7.14885]},
			"faces": {
				"north": {"uv": [5.25, 5.25, 6.5, 5.5], "texture": "#1"},
				"east": {"uv": [5, 6.25, 5.25, 6.5], "texture": "#1"},
				"south": {"uv": [1.5, 5.5, 2.75, 5.75], "texture": "#1"},
				"west": {"uv": [5.25, 6.25, 5.5, 6.5], "texture": "#1"},
				"up": {"uv": [4, 5.75, 2.75, 5.5], "texture": "#1"},
				"down": {"uv": [5.25, 5.5, 4, 5.75], "texture": "#1"}
			}
		},
		{
			"name": "connector",
			"from": [0, 1, 12],
			"to": [0.725, 1.5, 13],
			"rotation": {"angle": 0, "axis": "y", "origin": [15.6375, 1.5, 12.5]},
			"faces": {
				"north": {"uv": [5.5, 6.25, 5.75, 6.5], "texture": "#1"},
				"east": {"uv": [6.25, 5.5, 6.5, 5.75], "texture": "#1"},
				"south": {"uv": [5.75, 6.25, 6, 6.5], "texture": "#1"},
				"west": {"uv": [6, 6.25, 6.25, 6.5], "texture": "#1"},
				"up": {"uv": [6.5, 6.5, 6.25, 6.25], "texture": "#1"},
				"down": {"uv": [1.25, 6.5, 1, 6.75], "texture": "#1"}
			}
		},
		{
			"from": [1.506, 1.002, 17.43],
			"to": [3.006, 1.498, 18.43],
			"rotation": {"angle": -22.5, "axis": "y", "origin": [14.77336, 1.5, 12.74893]},
			"faces": {
				"north": {"uv": [1.25, 6.5, 1.5, 6.75], "texture": "#1"},
				"east": {"uv": [1.5, 6.5, 1.75, 6.75], "texture": "#1"},
				"south": {"uv": [6.5, 1.5, 6.75, 1.75], "texture": "#1"},
				"west": {"uv": [1.75, 6.5, 2, 6.75], "texture": "#1"},
				"up": {"uv": [6.75, 2, 6.5, 1.75], "texture": "#1"},
				"down": {"uv": [2.25, 6.5, 2, 6.75], "texture": "#1"}
			}
		},
		{
			"from": [3.47, 1.002, 10.39],
			"to": [4.47, 1.498, 11.79],
			"rotation": {"angle": 22.5, "axis": "y", "origin": [12.74893, 1.5, 14.77336]},
			"faces": {
				"north": {"uv": [2.25, 6.5, 2.5, 6.75], "texture": "#1"},
				"east": {"uv": [2.5, 6.5, 2.75, 6.75], "texture": "#1"},
				"south": {"uv": [6.5, 2.5, 6.75, 2.75], "texture": "#1"},
				"west": {"uv": [2.75, 6.5, 3, 6.75], "texture": "#1"},
				"up": {"uv": [6.75, 3, 6.5, 2.75], "texture": "#1"},
				"down": {"uv": [3.25, 6.5, 3, 6.75], "texture": "#1"}
			}
		},
		{
			"name": "middle",
			"from": [5.18108, 1, 4.75508],
			"to": [6.18108, 1.5, 6.61808],
			"rotation": {"angle": 45, "axis": "y", "origin": [13.58508, 1.5, 13.58508]},
			"faces": {
				"north": {"uv": [6.5, 3, 6.75, 3.25], "texture": "#1"},
				"east": {"uv": [6, 1.5, 6.5, 1.75], "texture": "#1"},
				"south": {"uv": [3.25, 6.5, 3.5, 6.75], "texture": "#1"},
				"west": {"uv": [6, 1.75, 6.5, 2], "texture": "#1"},
				"up": {"uv": [6.25, 2.5, 6, 2], "texture": "#1"},
				"down": {"uv": [2.5, 6, 2.25, 6.5], "texture": "#1"}
			}
		},
		{
			"from": [2, 0, 5],
			"to": [14, 1, 7],
			"faces": {
				"north": {"uv": [1, 4.75, 4, 5], "texture": "#1"},
				"east": {"uv": [2.5, 6, 3, 6.25], "texture": "#1"},
				"south": {"uv": [4, 4.75, 7, 5], "texture": "#1"},
				"west": {"uv": [6, 2.5, 6.5, 2.75], "texture": "#1"},
				"up": {"uv": [5, 0.5, 2, 0], "texture": "#1"},
				"down": {"uv": [5, 0.5, 2, 1], "texture": "#1"}
			}
		},
		{
			"from": [2, 0, 1],
			"to": [14, 1, 3],
			"faces": {
				"north": {"uv": [5, 0, 8, 0.25], "texture": "#1"},
				"east": {"uv": [6, 2.75, 6.5, 3], "texture": "#1"},
				"south": {"uv": [5, 0.25, 8, 0.5], "texture": "#1"},
				"west": {"uv": [3, 6, 3.5, 6.25], "texture": "#1"},
				"up": {"uv": [5, 1.5, 2, 1], "texture": "#1"},
				"down": {"uv": [5, 1.5, 2, 2], "texture": "#1"}
			}
		},
		{
			"from": [2, 0, 13],
			"to": [14, 1, 15],
			"faces": {
				"north": {"uv": [5, 0.5, 8, 0.75], "texture": "#1"},
				"east": {"uv": [6, 3, 6.5, 3.25], "texture": "#1"},
				"south": {"uv": [5, 0.75, 8, 1], "texture": "#1"},
				"west": {"uv": [3.5, 6, 4, 6.25], "texture": "#1"},
				"up": {"uv": [5, 2.5, 2, 2], "texture": "#1"},
				"down": {"uv": [5, 2.5, 2, 3], "texture": "#1"}
			}
		},
		{
			"from": [2, 0, 9],
			"to": [14, 1, 11],
			"faces": {
				"north": {"uv": [1, 5, 4, 5.25], "texture": "#1"},
				"east": {"uv": [4, 6, 4.5, 6.25], "texture": "#1"},
				"south": {"uv": [5, 1, 8, 1.25], "texture": "#1"},
				"west": {"uv": [4.5, 6, 5, 6.25], "texture": "#1"},
				"up": {"uv": [5, 3.5, 2, 3], "texture": "#1"},
				"down": {"uv": [3, 3.5, 0, 4], "texture": "#1"}
			}
		},
		{
			"from": [5, -0.004, 0.996],
			"to": [7, 1.096, 15.004],
			"faces": {
				"north": {"uv": [5, 6, 5.5, 6.25], "texture": "#1"},
				"east": {"uv": [1, 4.5, 4.5, 4.75], "texture": "#1"},
				"south": {"uv": [5.5, 6, 6, 6.25], "texture": "#1"},
				"west": {"uv": [4.5, 4, 8, 4.25], "texture": "#1"},
				"up": {"uv": [0.5, 3.5, 0, 0], "texture": "#1"},
				"down": {"uv": [1, 0, 0.5, 3.5], "texture": "#1"}
			}
		},
		{
			"from": [9, -0.004, 0.996],
			"to": [11, 1.096, 15.004],
			"faces": {
				"north": {"uv": [6, 5.75, 6.5, 6], "texture": "#1"},
				"east": {"uv": [4.5, 4.25, 8, 4.5], "texture": "#1"},
				"south": {"uv": [6, 6, 6.5, 6.25], "texture": "#1"},
				"west": {"uv": [4.5, 4.5, 8, 4.75], "texture": "#1"},
				"up": {"uv": [1.5, 3.5, 1, 0], "texture": "#1"},
				"down": {"uv": [2, 0, 1.5, 3.5], "texture": "#1"}
			}
		},
		{
			"from": [6, 1, 1],
			"to": [10, 1.2, 3],
			"faces": {
				"north": {"uv": [5.25, 5.5, 6.25, 5.75], "texture": "#1"},
				"east": {"uv": [1.5, 6.25, 2, 6.5], "texture": "#1"},
				"south": {"uv": [1.5, 5.75, 2.5, 6], "texture": "#1"},
				"west": {"uv": [6.25, 2, 6.75, 2.25], "texture": "#1"},
				"up": {"uv": [6, 1.75, 5, 1.25], "texture": "#1"},
				"down": {"uv": [6, 1.75, 5, 2.25], "texture": "#1"}
			}
		},
		{
			"from": [6, 1, 13],
			"to": [10, 1.2, 15],
			"faces": {
				"north": {"uv": [2.5, 5.75, 3.5, 6], "texture": "#1"},
				"east": {"uv": [6.25, 2.25, 6.75, 2.5], "texture": "#1"},
				"south": {"uv": [3.5, 5.75, 4.5, 6], "texture": "#1"},
				"west": {"uv": [2.5, 6.25, 3, 6.5], "texture": "#1"},
				"up": {"uv": [6, 2.75, 5, 2.25], "texture": "#1"},
				"down": {"uv": [6, 2.75, 5, 3.25], "texture": "#1"}
			}
		}
	],
	"display": {
		"ground": {
			"translation": [0, 2.5, 0],
			"scale": [0.5, 0.5, 0.5]
		}
	},
	"groups": [
		{
			"name": "rail",
			"origin": [8, 8, 8],
			"color": 0,
			"children": [
				{
					"name": "straight_rail",
					"origin": [8, 8, 8],
					"color": 0,
					"children": [0, 1]
				},
				{
					"name": "outer_turn_rail",
					"origin": [8, 8, 8],
					"color": 0,
					"children": [2, 3, 4, 5]
				},
				{
					"name": "inner_turn_rail",
					"origin": [8, 8, 8],
					"color": 0,
					"children": [6, 7, 8, 9]
				}
			]
		},
		{
			"name": "steps",
			"origin": [8, 8, 8],
			"color": 0,
			"children": [10, 11, 12, 13]
		},
		{
			"name": "extras",
			"origin": [8, 8, 8],
			"color": 0,
			"children": [14, 15, 16, 17]
		}
	]
}