{
	"credit": "Made with Blockbench",
	"texture_size": [64, 64],
	"textures": {
		"1": "littlelogistics:block/rays_automatic_switch_rail_right_off",
		"particle": "littlelogistics:block/rays_automatic_switch_rail_right_off"
	},
	"elements": [
		{
			"from": [12, 1, 0],
			"to": [13, 2, 16],
			"faces": {
				"north": {"uv": [2.5, 6.25, 2.75, 6.5], "texture": "#1"},
				"east": {"uv": [3, 3.5, 7, 3.75], "texture": "#1"},
				"south": {"uv": [6, 6.25, 6.25, 6.5], "texture": "#1"},
				"west": {"uv": [3, 3.75, 7, 4], "texture": "#1"},
				"up": {"uv": [0.25, 8, 0, 4], "texture": "#1"},
				"down": {"uv": [0.5, 4, 0.25, 8], "texture": "#1"}
			}
		},
		{
			"from": [3, 1, 0],
			"to": [4, 2, 16],
			"faces": {
				"north": {"uv": [6.25, 6.25, 6.5, 6.5], "texture": "#1"},
				"east": {"uv": [0.5, 4, 4.5, 4.25], "texture": "#1"},
				"south": {"uv": [1, 6.5, 1.25, 6.75], "texture": "#1"},
				"west": {"uv": [0.5, 4.25, 4.5, 4.5], "texture": "#1"},
				"up": {"uv": [0.75, 8.5, 0.5, 4.5], "texture": "#1"},
				"down": {"uv": [1, 4.5, 0.75, 8.5], "texture": "#1"}
			}
		},
		{
			"name": "connector",
			"from": [13.484, 1, 3],
			"to": [16, 1.5, 4],
			"faces": {
				"north": {"uv": [4.5, 5.75, 5.25, 6], "texture": "#1"},
				"east": {"uv": [1.25, 6.5, 1.5, 6.75], "texture": "#1"},
				"south": {"uv": [5.25, 5.75, 6, 6], "texture": "#1"},
				"west": {"uv": [1.5, 6.5, 1.75, 6.75], "texture": "#1"},
				"up": {"uv": [6.75, 1.5, 6, 1.25], "texture": "#1"},
				"down": {"uv": [2.25, 6, 1.5, 6.25], "texture": "#1"}
			}
		},
		{
			"name": "-22,5",
			"from": [7.928, 1.002, 6.23],
			"to": [8.928, 1.498, 11.31],
			"rotation": {"angle": -22.5, "axis": "y", "origin": [0, 0, 0]},
			"faces": {
				"north": {"uv": [6.5, 1.5, 6.75, 1.75], "texture": "#1"},
				"east": {"uv": [5, 3.25, 6.25, 3.5], "texture": "#1"},
				"south": {"uv": [1.75, 6.5, 2, 6.75], "texture": "#1"},
				"west": {"uv": [4, 5, 5.25, 5.25], "texture": "#1"},
				"up": {"uv": [1.25, 6.5, 1, 5.25], "texture": "#1"},
				"down": {"uv": [1.5, 5.25, 1.25, 6.5], "texture": "#1"}
			}
		},
		{
			"name": "22,5",
			"from": [6.229, 1.002, 7.928],
			"to": [11.31, 1.498, 8.928],
			"rotation": {"angle": 22.5, "axis": "y", "origin": [0, 0, 0]},
			"faces": {
				"north": {"uv": [1.5, 5.25, 2.75, 5.5], "texture": "#1"},
				"east": {"uv": [6.5, 1.75, 6.75, 2], "texture": "#1"},
				"south": {"uv": [2.75, 5.25, 4, 5.5], "texture": "#1"},
				"west": {"uv": [2, 6.5, 2.25, 6.75], "texture": "#1"},
				"up": {"uv": [5.25, 5.5, 4, 5.25], "texture": "#1"},
				"down": {"uv": [6.5, 5, 5.25, 5.25], "texture": "#1"}
			}
		},
		{
			"name": "45",
			"from": [-2.72, 1, 9.706],
			"to": [2.72, 1.5, 10.706],
			"rotation": {"angle": 45, "axis": "y", "origin": [0, 0, 0]},
			"faces": {
				"north": {"uv": [5.25, 5.25, 6.5, 5.5], "texture": "#1"},
				"east": {"uv": [6.5, 2, 6.75, 2.25], "texture": "#1"},
				"south": {"uv": [1.5, 5.5, 2.75, 5.75], "texture": "#1"},
				"west": {"uv": [2.25, 6.5, 2.5, 6.75], "texture": "#1"},
				"up": {"uv": [4, 5.75, 2.75, 5.5], "texture": "#1"},
				"down": {"uv": [5.25, 5.5, 4, 5.75], "texture": "#1"}
			}
		},
		{
			"name": "connector",
			"from": [15.275, 1, 12],
			"to": [16, 1.5, 13],
			"faces": {
				"north": {"uv": [6.5, 2.25, 6.75, 2.5], "texture": "#1"},
				"east": {"uv": [2.5, 6.5, 2.75, 6.75], "texture": "#1"},
				"south": {"uv": [6.5, 2.5, 6.75, 2.75], "texture": "#1"},
				"west": {"uv": [2.75, 6.5, 3, 6.75], "texture": "#1"},
				"up": {"uv": [3.25, 6.75, 3, 6.5], "texture": "#1"},
				"down": {"uv": [3.5, 6.5, 3.25, 6.75], "texture": "#1"}
			}
		},
		{
			"from": [8.02, 1.002, 16.928],
			"to": [9.52, 1.498, 17.928],
			"rotation": {"angle": 22.5, "axis": "y", "origin": [0, 0, 0]},
			"faces": {
				"north": {"uv": [6, 1.5, 6.5, 1.75], "texture": "#1"},
				"east": {"uv": [3.5, 6.5, 3.75, 6.75], "texture": "#1"},
				"south": {"uv": [6, 1.75, 6.5, 2], "texture": "#1"},
				"west": {"uv": [3.75, 6.5, 4, 6.75], "texture": "#1"},
				"up": {"uv": [6.5, 2.25, 6, 2], "texture": "#1"},
				"down": {"uv": [2.75, 6, 2.25, 6.25], "texture": "#1"}
			}
		},
		{
			"from": [16.928, 1.002, 8.02],
			"to": [17.928, 1.498, 9.52],
			"rotation": {"angle": -22.5, "axis": "y", "origin": [0, 0, 0]},
			"faces": {
				"north": {"uv": [4, 6.5, 4.25, 6.75], "texture": "#1"},
				"east": {"uv": [6, 2.25, 6.5, 2.5], "texture": "#1"},
				"south": {"uv": [4.25, 6.5, 4.5, 6.75], "texture": "#1"},
				"west": {"uv": [6, 2.5, 6.5, 2.75], "texture": "#1"},
				"up": {"uv": [3, 6.5, 2.75, 6], "texture": "#1"},
				"down": {"uv": [6.25, 2.75, 6, 3.25], "texture": "#1"}
			}
		},
		{
			"name": "middle",
			"from": [-0.93, 1, 18.7082],
			"to": [0.93, 1.5, 19.7082],
			"rotation": {"angle": 45, "axis": "y", "origin": [0, 0, 0]},
			"faces": {
				"north": {"uv": [3, 6, 3.5, 6.25], "texture": "#1"},
				"east": {"uv": [4.5, 6.5, 4.75, 6.75], "texture": "#1"},
				"south": {"uv": [3.5, 6, 4, 6.25], "texture": "#1"},
				"west": {"uv": [4.75, 6.5, 5, 6.75], "texture": "#1"},
				"up": {"uv": [4.5, 6.25, 4, 6], "texture": "#1"},
				"down": {"uv": [5, 6, 4.5, 6.25], "texture": "#1"}
			}
		},
		{
			"from": [2, 0, 13],
			"to": [14, 1, 15],
			"faces": {
				"north": {"uv": [1, 4.75, 4, 5], "texture": "#1"},
				"east": {"uv": [5, 6, 5.5, 6.25], "texture": "#1"},
				"south": {"uv": [4, 4.75, 7, 5], "texture": "#1"},
				"west": {"uv": [5.5, 6, 6, 6.25], "texture": "#1"},
				"up": {"uv": [5, 0.5, 2, 0], "texture": "#1"},
				"down": {"uv": [5, 0.5, 2, 1], "texture": "#1"}
			}
		},
		{
			"from": [2, 0, 9],
			"to": [14, 1, 11],
			"faces": {
				"north": {"uv": [5, 0, 8, 0.25], "texture": "#1"},
				"east": {"uv": [6, 5.75, 6.5, 6], "texture": "#1"},
				"south": {"uv": [5, 0.25, 8, 0.5], "texture": "#1"},
				"west": {"uv": [6, 6, 6.5, 6.25], "texture": "#1"},
				"up": {"uv": [5, 1.5, 2, 1], "texture": "#1"},
				"down": {"uv": [5, 1.5, 2, 2], "texture": "#1"}
			}
		},
		{
			"from": [2, 0, 5],
			"to": [14, 1, 7],
			"faces": {
				"north": {"uv": [5, 0.5, 8, 0.75], "texture": "#1"},
				"east": {"uv": [1.5, 6.25, 2, 6.5], "texture": "#1"},
				"south": {"uv": [5, 0.75, 8, 1], "texture": "#1"},
				"west": {"uv": [2, 6.25, 2.5, 6.5], "texture": "#1"},
				"up": {"uv": [5, 2.5, 2, 2], "texture": "#1"},
				"down": {"uv": [5, 2.5, 2, 3], "texture": "#1"}
			}
		},
		{
			"from": [2, 0, 1],
			"to": [14, 1, 3],
			"faces": {
				"north": {"uv": [1, 5, 4, 5.25], "texture": "#1"},
				"east": {"uv": [6.25, 2.75, 6.75, 3], "texture": "#1"},
				"south": {"uv": [5, 1, 8, 1.25], "texture": "#1"},
				"west": {"uv": [3, 6.25, 3.5, 6.5], "texture": "#1"},
				"up": {"uv": [5, 3.5, 2, 3], "texture": "#1"},
				"down": {"uv": [3, 3.5, 0, 4], "texture": "#1"}
			}
		},
		{
			"from": [5, -0.004, 0.996],
			"to": [7, 1.096, 15.004],
			"faces": {
				"north": {"uv": [6.25, 3, 6.75, 3.25], "texture": "#1"},
				"east": {"uv": [1, 4.5, 4.5, 4.75], "texture": "#1"},
				"south": {"uv": [6.25, 3.25, 6.75, 3.5], "texture": "#1"},
				"west": {"uv": [4.5, 4, 8, 4.25], "texture": "#1"},
				"up": {"uv": [0.5, 3.5, 0, 0], "texture": "#1"},
				"down": {"uv": [1, 0, 0.5, 3.5], "texture": "#1"}
			}
		},
		{
			"from": [9, -0.004, 0.996],
			"to": [11, 1.096, 15.004],
			"faces": {
				"north": {"uv": [3.5, 6.25, 4, 6.5], "texture": "#1"},
				"east": {"uv": [4.5, 4.25, 8, 4.5], "texture": "#1"},
				"south": {"uv": [4, 6.25, 4.5, 6.5], "texture": "#1"},
				"west": {"uv": [4.5, 4.5, 8, 4.75], "texture": "#1"},
				"up": {"uv": [1.5, 3.5, 1, 0], "texture": "#1"},
				"down": {"uv": [2, 0, 1.5, 3.5], "texture": "#1"}
			}
		},
		{
			"from": [6, 1, 1],
			"to": [10, 1.2, 3],
			"faces": {
				"north": {"uv": [5.25, 5.5, 6.25, 5.75], "texture": "#1"},
				"east": {"uv": [4.5, 6.25, 5, 6.5], "texture": "#1"},
				"south": {"uv": [1.5, 5.75, 2.5, 6], "texture": "#1"},
				"west": {"uv": [5, 6.25, 5.5, 6.5], "texture": "#1"},
				"up": {"uv": [6, 1.75, 5, 1.25], "texture": "#1"},
				"down": {"uv": [6, 1.75, 5, 2.25], "texture": "#1"}
			}
		},
		{
			"from": [6, 1, 13],
			"to": [10, 1.2, 15],
			"faces": {
				"north": {"uv": [2.5, 5.75, 3.5, 6], "texture": "#1"},
				"east": {"uv": [5.5, 6.25, 6, 6.5], "texture": "#1"},
				"south": {"uv": [3.5, 5.75, 4.5, 6], "texture": "#1"},
				"west": {"uv": [6.25, 5.5, 6.75, 5.75], "texture": "#1"},
				"up": {"uv": [6, 2.75, 5, 2.25], "texture": "#1"},
				"down": {"uv": [6, 2.75, 5, 3.25], "texture": "#1"}
			}
		}
	],
	"gui_light": "front",
	"display": {
		"thirdperson_righthand": {
			"rotation": [90, 0, 0],
			"translation": [0, 2.25, 4.5],
			"scale": [0.6, 0.6, 0.6]
		},
		"thirdperson_lefthand": {
			"rotation": [90, 0, 0],
			"translation": [0, 2.25, 4.5],
			"scale": [0.6, 0.6, 0.6]
		},
		"firstperson_righthand": {
			"rotation": [50, 0, 75],
			"translation": [3, 0.5, -6]
		},
		"firstperson_lefthand": {
			"rotation": [50, 0, 75],
			"translation": [3, 0.5, -6]
		},
		"ground": {
			"translation": [0, 2.5, 0],
			"scale": [0.5, 0.5, 0.5]
		},
		"gui": {
			"rotation": [90, 0, 0]
		},
		"head": {
			"rotation": [90, 0, 0],
			"translation": [0, 0, 14.5]
		},
		"fixed": {
			"rotation": [-90, 0, 0],
			"translation": [0, 0, -8]
		}
	},
	"groups": [
		{
			"name": "rail",
			"origin": [8, 8, 8],
			"color": 0,
			"children": [
				{
					"name": "straight_rail",
					"origin": [8, 8, 8],
					"color": 0,
					"children": [0, 1]
				},
				{
					"name": "outer_turn_rail",
					"origin": [8, 8, 8],
					"color": 0,
					"children": [2, 3, 4, 5]
				},
				{
					"name": "inner_turn_rail",
					"origin": [8, 8, 8],
					"color": 0,
					"children": [6, 7, 8, 9]
				}
			]
		},
		{
			"name": "steps",
			"origin": [8, 8, 8],
			"color": 0,
			"children": [10, 11, 12, 13]
		},
		{
			"name": "extras",
			"origin": [8, 8, 8],
			"color": 0,
			"children": [14, 15, 16, 17]
		}
	]
}