{
	"credit": "Made with Blockbench, by xR4YM0ND",
	"texture_size": [32, 32],
	"textures": {
		"2": "littlelogistics:block/rays_locomotive_dock_rail",
		"particle": "littlelogistics:block/rays_locomotive_dock_rail"
	},
	"elements": [
		{
			"from": [3, 1, 0],
			"to": [4, 2, 16],
			"faces": {
				"north": {"uv": [4.5, 10, 5, 10.5], "texture": "#2"},
				"east": {"uv": [6, 6, 14, 6.5], "texture": "#2"},
				"south": {"uv": [4, 11, 4.5, 11.5], "texture": "#2"},
				"west": {"uv": [6, 6.5, 14, 7], "texture": "#2"},
				"up": {"uv": [0.5, 15, 0, 7], "texture": "#2"},
				"down": {"uv": [1, 7, 0.5, 15], "texture": "#2"}
			}
		},
		{
			"from": [12, 1, 0],
			"to": [13, 2, 16],
			"faces": {
				"north": {"uv": [4.5, 11, 5, 11.5], "texture": "#2"},
				"east": {"uv": [1, 7, 9, 7.5], "texture": "#2"},
				"south": {"uv": [5, 11, 5.5, 11.5], "texture": "#2"},
				"west": {"uv": [1, 7.5, 9, 8], "texture": "#2"},
				"up": {"uv": [1.5, 16, 1, 8], "texture": "#2"},
				"down": {"uv": [2, 8, 1.5, 16], "texture": "#2"}
			}
		},
		{
			"from": [2, 0, 1],
			"to": [14, 1, 3],
			"faces": {
				"north": {"uv": [2, 8, 8, 8.5], "texture": "#2"},
				"east": {"uv": [9.5, 10, 10.5, 10.5], "texture": "#2"},
				"south": {"uv": [8, 8, 14, 8.5], "texture": "#2"},
				"west": {"uv": [2, 10.5, 3, 11], "texture": "#2"},
				"up": {"uv": [9, 1, 3, 0], "texture": "#2"},
				"down": {"uv": [9, 1, 3, 2], "texture": "#2"}
			}
		},
		{
			"from": [2, 0, 5],
			"to": [14, 1, 7],
			"faces": {
				"north": {"uv": [2, 8.5, 8, 9], "texture": "#2"},
				"east": {"uv": [3, 10.5, 4, 11], "texture": "#2"},
				"south": {"uv": [8, 8.5, 14, 9], "texture": "#2"},
				"west": {"uv": [4, 10.5, 5, 11], "texture": "#2"},
				"up": {"uv": [9, 3, 3, 2], "texture": "#2"},
				"down": {"uv": [9, 3, 3, 4], "texture": "#2"}
			}
		},
		{
			"from": [2, 0, 9],
			"to": [14, 1, 11],
			"faces": {
				"north": {"uv": [9, 0, 15, 0.5], "texture": "#2"},
				"east": {"uv": [5, 10.5, 6, 11], "texture": "#2"},
				"south": {"uv": [9, 0.5, 15, 1], "texture": "#2"},
				"west": {"uv": [6, 10.5, 7, 11], "texture": "#2"},
				"up": {"uv": [9, 5, 3, 4], "texture": "#2"},
				"down": {"uv": [6, 5, 0, 6], "texture": "#2"}
			}
		},
		{
			"from": [2, 0, 13],
			"to": [14, 1, 15],
			"faces": {
				"north": {"uv": [9, 1, 15, 1.5], "texture": "#2"},
				"east": {"uv": [7, 10.5, 8, 11], "texture": "#2"},
				"south": {"uv": [9, 1.5, 15, 2], "texture": "#2"},
				"west": {"uv": [8, 10.5, 9, 11], "texture": "#2"},
				"up": {"uv": [6, 7, 0, 6], "texture": "#2"},
				"down": {"uv": [12, 5, 6, 6], "texture": "#2"}
			}
		},
		{
			"from": [9, -0.004, 12.996],
			"to": [11, 1.096, 16],
			"faces": {
				"north": {"uv": [9, 10.5, 10, 11], "texture": "#2"},
				"east": {"uv": [10, 3, 11.5, 3.5], "texture": "#2"},
				"south": {"uv": [10.5, 9.5, 11.5, 10], "texture": "#2"},
				"west": {"uv": [10, 3.5, 11.5, 4], "texture": "#2"},
				"up": {"uv": [10, 4.5, 9, 3], "texture": "#2"},
				"down": {"uv": [6, 9, 5, 10.5], "texture": "#2"}
			}
		},
		{
			"from": [5, -0.004, 12.996],
			"to": [7, 1.096, 16],
			"faces": {
				"north": {"uv": [10, 10.5, 11, 11], "texture": "#2"},
				"east": {"uv": [10, 4, 11.5, 4.5], "texture": "#2"},
				"south": {"uv": [10.5, 10, 11.5, 10.5], "texture": "#2"},
				"west": {"uv": [8, 10, 9.5, 10.5], "texture": "#2"},
				"up": {"uv": [7, 10.5, 6, 9], "texture": "#2"},
				"down": {"uv": [8, 9, 7, 10.5], "texture": "#2"}
			}
		},
		{
			"from": [5, -0.004, 4.996],
			"to": [11, 1.096, 10],
			"faces": {
				"north": {"uv": [9, 4.5, 12, 5], "texture": "#2"},
				"east": {"uv": [8, 9.5, 10.5, 10], "texture": "#2"},
				"south": {"uv": [9, 7, 12, 7.5], "texture": "#2"},
				"west": {"uv": [2, 10, 4.5, 10.5], "texture": "#2"},
				"up": {"uv": [3, 2.5, 0, 0], "texture": "#2"},
				"down": {"uv": [3, 2.5, 0, 5], "texture": "#2"}
			}
		},
		{
			"from": [5, 1, 1],
			"to": [11, 1.2, 3],
			"faces": {
				"north": {"uv": [9, 7.5, 12, 8], "texture": "#2"},
				"east": {"uv": [2, 11, 3, 11.5], "texture": "#2"},
				"south": {"uv": [8, 9, 11, 9.5], "texture": "#2"},
				"west": {"uv": [3, 11, 4, 11.5], "texture": "#2"},
				"up": {"uv": [5, 10, 2, 9], "texture": "#2"},
				"down": {"uv": [12, 2, 9, 3], "texture": "#2"}
			}
		}
	],
	"gui_light": "front",
	"display": {
		"thirdperson_righthand": {
			"rotation": [90, 0, 0],
			"translation": [0, 2.25, 4.5],
			"scale": [0.6, 0.6, 0.6]
		},
		"thirdperson_lefthand": {
			"rotation": [90, 0, 0],
			"translation": [0, 2.25, 4.5],
			"scale": [0.6, 0.6, 0.6]
		},
		"firstperson_righthand": {
			"rotation": [50, 0, 75],
			"translation": [3, 0.5, -6]
		},
		"firstperson_lefthand": {
			"rotation": [50, 0, 75],
			"translation": [3, 0.5, -6]
		},
		"ground": {
			"translation": [0, 2.5, 0],
			"scale": [0.5, 0.5, 0.5]
		},
		"gui": {
			"rotation": [90, 0, 0]
		},
		"head": {
			"rotation": [90, 0, 0],
			"translation": [0, 0, 14.5]
		},
		"fixed": {
			"rotation": [-90, 0, 0],
			"translation": [0, 0, -8]
		}
	},
	"groups": [
		{
			"name": "rail",
			"origin": [8, 8, 8],
			"color": 0,
			"children": [0, 1]
		},
		{
			"name": "steps",
			"origin": [8, 8, 8],
			"color": 0,
			"children": [2, 3, 4, 5]
		},
		{
			"name": "extras",
			"origin": [8, 8, 8],
			"color": 0,
			"children": [6, 7, 8, 9]
		}
	]
}