{
	"credit": "Made with Blockbench, by xR4YM0ND",
	"texture_size": [64, 64],
	"textures": {
		"1": "alexscaves:block/rays_magnetic_levitation_rail_raised_sw",
		"particle": "alexscaves:block/rays_magnetic_levitation_rail_raised_sw"
	},
	"elements": [
		{
			"name": "base",
			"from": [12.002, 8.8557, -3.66734],
			"to": [12.998, 9.8517, 18.96066],
			"rotation": {"angle": -45, "axis": "x", "origin": [12.5, 9.35375, 7.64666]},
			"faces": {
				"north": {"uv": [2, 4.25, 2.25, 4.5], "texture": "#1"},
				"east": {"uv": [3, 1.5, 8.75, 1.75], "texture": "#1"},
				"south": {"uv": [2.25, 4.25, 2.5, 4.5], "texture": "#1"},
				"west": {"uv": [3, 1.75, 8.75, 2], "texture": "#1"},
				"up": {"uv": [3.25, 7.75, 3, 2], "texture": "#1"},
				"down": {"uv": [3.5, 2, 3.25, 7.75], "texture": "#1"}
			}
		},
		{
			"name": "base_extension",
			"from": [12.004, 17.40307, 15.41942],
			"to": [12.996, 17.92907, 15.83302],
			"rotation": {"angle": -45, "axis": "x", "origin": [12.5, 17.66707, 15.62622]},
			"faces": {
				"north": {"uv": [2.5, 4.25, 2.75, 4.5], "texture": "#1"},
				"east": {"uv": [2.75, 4.25, 3, 4.5], "texture": "#1"},
				"south": {"uv": [1.5, 4.5, 1.75, 4.75], "texture": "#1"},
				"west": {"uv": [1.75, 4.5, 2, 4.75], "texture": "#1"},
				"up": {"uv": [2.25, 4.75, 2, 4.5], "texture": "#1"},
				"down": {"uv": [2.5, 4.5, 2.25, 4.75], "texture": "#1"}
			}
		},
		{
			"name": "base_flat",
			"from": [12.006, 17.006, 15.586],
			"to": [12.994, 17.994, 16],
			"rotation": {"angle": 0, "axis": "x", "origin": [12.5, 17.5, 15.793]},
			"faces": {
				"north": {"uv": [2.5, 4.5, 2.75, 4.75], "texture": "#1"},
				"east": {"uv": [2.75, 4.5, 3, 4.75], "texture": "#1"},
				"south": {"uv": [1.5, 4.75, 1.75, 5], "texture": "#1"},
				"west": {"uv": [1.75, 4.75, 2, 5], "texture": "#1"},
				"up": {"uv": [2.25, 5, 2, 4.75], "texture": "#1"},
				"down": {"uv": [2.5, 4.75, 2.25, 5], "texture": "#1"}
			}
		},
		{
			"name": "base",
			"from": [3.002, 8.8557, -3.66734],
			"to": [3.998, 9.8517, 18.96066],
			"rotation": {"angle": -45, "axis": "x", "origin": [3.5, 9.35375, 7.64666]},
			"faces": {
				"north": {"uv": [2.5, 4.75, 2.75, 5], "texture": "#1"},
				"east": {"uv": [3.5, 2, 9.25, 2.25], "texture": "#1"},
				"south": {"uv": [2.75, 4.75, 3, 5], "texture": "#1"},
				"west": {"uv": [3.5, 2.25, 9.25, 2.5], "texture": "#1"},
				"up": {"uv": [0.25, 9.25, 0, 3.5], "texture": "#1"},
				"down": {"uv": [0.5, 3.5, 0.25, 9.25], "texture": "#1"}
			}
		},
		{
			"name": "base_extension",
			"from": [3.004, 17.40307, 15.41942],
			"to": [3.996, 17.92907, 15.83302],
			"rotation": {"angle": -45, "axis": "x", "origin": [3.5, 17.66707, 15.62622]},
			"faces": {
				"north": {"uv": [1.5, 5, 1.75, 5.25], "texture": "#1"},
				"east": {"uv": [1.75, 5, 2, 5.25], "texture": "#1"},
				"south": {"uv": [2, 5, 2.25, 5.25], "texture": "#1"},
				"west": {"uv": [2.25, 5, 2.5, 5.25], "texture": "#1"},
				"up": {"uv": [2.75, 5.25, 2.5, 5], "texture": "#1"},
				"down": {"uv": [3, 5, 2.75, 5.25], "texture": "#1"}
			}
		},
		{
			"name": "base_flat",
			"from": [3.006, 17.006, 15.586],
			"to": [3.994, 17.994, 16],
			"rotation": {"angle": 0, "axis": "x", "origin": [3.5, 17.5, 15.793]},
			"faces": {
				"north": {"uv": [1.5, 5.25, 1.75, 5.5], "texture": "#1"},
				"east": {"uv": [1.75, 5.25, 2, 5.5], "texture": "#1"},
				"south": {"uv": [2, 5.25, 2.25, 5.5], "texture": "#1"},
				"west": {"uv": [2.25, 5.25, 2.5, 5.5], "texture": "#1"},
				"up": {"uv": [2.75, 5.5, 2.5, 5.25], "texture": "#1"},
				"down": {"uv": [3, 5.25, 2.75, 5.5], "texture": "#1"}
			}
		},
		{
			"from": [2, 13.55375, 12.7709],
			"to": [14, 14.55375, 14.7709],
			"rotation": {"angle": -45, "axis": "x", "origin": [8, 14.05375, 13.7709]},
			"faces": {
				"north": {"uv": [3.5, 3.5, 6.5, 3.75], "texture": "#1"},
				"east": {"uv": [1.5, 3.5, 2, 3.75], "texture": "#1"},
				"south": {"uv": [3.5, 3.75, 6.5, 4], "texture": "#1"},
				"west": {"uv": [2, 3.5, 2.5, 3.75], "texture": "#1"},
				"up": {"uv": [3, 0.5, 0, 0], "texture": "#1"},
				"down": {"uv": [3, 0.5, 0, 1], "texture": "#1"}
			}
		},
		{
			"from": [2, 10.72532, 9.94248],
			"to": [14, 11.72532, 11.94248],
			"rotation": {"angle": -45, "axis": "x", "origin": [8, 11.22532, 10.94248]},
			"faces": {
				"north": {"uv": [3.5, 4, 6.5, 4.25], "texture": "#1"},
				"east": {"uv": [2.5, 3.5, 3, 3.75], "texture": "#1"},
				"south": {"uv": [3.5, 4.25, 6.5, 4.5], "texture": "#1"},
				"west": {"uv": [1.5, 3.75, 2, 4], "texture": "#1"},
				"up": {"uv": [3, 1.5, 0, 1], "texture": "#1"},
				"down": {"uv": [3, 1.5, 0, 2], "texture": "#1"}
			}
		},
		{
			"from": [2, 7.89689, 7.11405],
			"to": [14, 8.89689, 9.11405],
			"rotation": {"angle": -45, "axis": "x", "origin": [8, 8.39689, 8.11405]},
			"faces": {
				"north": {"uv": [3.5, 4.5, 6.5, 4.75], "texture": "#1"},
				"east": {"uv": [2, 3.75, 2.5, 4], "texture": "#1"},
				"south": {"uv": [3.5, 4.75, 6.5, 5], "texture": "#1"},
				"west": {"uv": [2.5, 3.75, 3, 4], "texture": "#1"},
				"up": {"uv": [3, 2.5, 0, 2], "texture": "#1"},
				"down": {"uv": [3, 2.5, 0, 3], "texture": "#1"}
			}
		},
		{
			"from": [2, 5.06847, 4.28562],
			"to": [14, 6.06847, 6.28562],
			"rotation": {"angle": -45, "axis": "x", "origin": [8, 5.56847, 5.28562]},
			"faces": {
				"north": {"uv": [3.5, 5, 6.5, 5.25], "texture": "#1"},
				"east": {"uv": [1.5, 4, 2, 4.25], "texture": "#1"},
				"south": {"uv": [3.5, 5.25, 6.5, 5.5], "texture": "#1"},
				"west": {"uv": [2, 4, 2.5, 4.25], "texture": "#1"},
				"up": {"uv": [3, 3.5, 0, 3], "texture": "#1"},
				"down": {"uv": [6, 0, 3, 0.5], "texture": "#1"}
			}
		},
		{
			"from": [2, 2.24004, 1.4572],
			"to": [14, 3.24004, 3.4572],
			"rotation": {"angle": -45, "axis": "x", "origin": [8, 2.74004, 2.4572]},
			"faces": {
				"north": {"uv": [3.5, 5.5, 6.5, 5.75], "texture": "#1"},
				"east": {"uv": [2.5, 4, 3, 4.25], "texture": "#1"},
				"south": {"uv": [3.5, 5.75, 6.5, 6], "texture": "#1"},
				"west": {"uv": [1.5, 4.25, 2, 4.5], "texture": "#1"},
				"up": {"uv": [6, 1, 3, 0.5], "texture": "#1"},
				"down": {"uv": [6, 1, 3, 1.5], "texture": "#1"}
			}
		},
		{
			"name": "base",
			"from": [11.002, 8.8557, -3.66734],
			"to": [11.698, 9.5517, 18.96066],
			"rotation": {"angle": -45, "axis": "x", "origin": [11.5, 9.35375, 7.64666]},
			"faces": {
				"north": {"uv": [1.5, 5.5, 1.75, 5.75], "texture": "#1"},
				"east": {"uv": [3.5, 2.5, 9.25, 2.75], "texture": "#1"},
				"south": {"uv": [1.75, 5.5, 2, 5.75], "texture": "#1"},
				"west": {"uv": [3.5, 2.75, 9.25, 3], "texture": "#1"},
				"up": {"uv": [0.75, 9.25, 0.5, 3.5], "texture": "#1"},
				"down": {"uv": [1, 3.5, 0.75, 9.25], "texture": "#1"}
			}
		},
		{
			"name": "base_extension",
			"from": [11.004, 17.30307, 15.41942],
			"to": [11.696, 17.62707, 15.70692],
			"rotation": {"angle": -45, "axis": "x", "origin": [11.5, 17.66707, 15.62622]},
			"faces": {
				"north": {"uv": [2, 5.5, 2.25, 5.75], "texture": "#1"},
				"east": {"uv": [2.25, 5.5, 2.5, 5.75], "texture": "#1"},
				"south": {"uv": [2.5, 5.5, 2.75, 5.75], "texture": "#1"},
				"west": {"uv": [2.75, 5.5, 3, 5.75], "texture": "#1"},
				"up": {"uv": [1.75, 6, 1.5, 5.75], "texture": "#1"},
				"down": {"uv": [2, 5.75, 1.75, 6], "texture": "#1"}
			}
		},
		{
			"name": "base_flat",
			"from": [11.006, 17.006, 15.7074],
			"to": [11.694, 17.694, 16],
			"rotation": {"angle": 0, "axis": "x", "origin": [11.5, 17.5, 15.793]},
			"faces": {
				"north": {"uv": [2, 5.75, 2.25, 6], "texture": "#1"},
				"east": {"uv": [2.25, 5.75, 2.5, 6], "texture": "#1"},
				"south": {"uv": [2.5, 5.75, 2.75, 6], "texture": "#1"},
				"west": {"uv": [2.75, 5.75, 3, 6], "texture": "#1"},
				"up": {"uv": [6.25, 0.25, 6, 0], "texture": "#1"},
				"down": {"uv": [6.25, 0.25, 6, 0.5], "texture": "#1"}
			}
		},
		{
			"name": "base",
			"from": [4.302, 8.8557, -3.66734],
			"to": [4.998, 9.5517, 18.96066],
			"rotation": {"angle": -45, "axis": "x", "origin": [4.8, 9.35375, 7.64666]},
			"faces": {
				"north": {"uv": [6, 0.5, 6.25, 0.75], "texture": "#1"},
				"east": {"uv": [3.5, 3, 9.25, 3.25], "texture": "#1"},
				"south": {"uv": [6, 0.75, 6.25, 1], "texture": "#1"},
				"west": {"uv": [3.5, 3.25, 9.25, 3.5], "texture": "#1"},
				"up": {"uv": [1.25, 9.25, 1, 3.5], "texture": "#1"},
				"down": {"uv": [1.5, 3.5, 1.25, 9.25], "texture": "#1"}
			}
		},
		{
			"name": "base_extension",
			"from": [4.304, 17.30307, 15.41942],
			"to": [4.996, 17.62707, 15.70692],
			"rotation": {"angle": -45, "axis": "x", "origin": [4.8, 17.66707, 15.62622]},
			"faces": {
				"north": {"uv": [6, 1, 6.25, 1.25], "texture": "#1"},
				"east": {"uv": [6, 1.25, 6.25, 1.5], "texture": "#1"},
				"south": {"uv": [1.5, 6, 1.75, 6.25], "texture": "#1"},
				"west": {"uv": [1.75, 6, 2, 6.25], "texture": "#1"},
				"up": {"uv": [2.25, 6.25, 2, 6], "texture": "#1"},
				"down": {"uv": [2.5, 6, 2.25, 6.25], "texture": "#1"}
			}
		},
		{
			"name": "base_flat",
			"from": [4.306, 17.006, 15.7074],
			"to": [4.994, 17.694, 16],
			"rotation": {"angle": 0, "axis": "x", "origin": [4.8, 17.5, 15.793]},
			"faces": {
				"north": {"uv": [2.5, 6, 2.75, 6.25], "texture": "#1"},
				"east": {"uv": [2.75, 6, 3, 6.25], "texture": "#1"},
				"south": {"uv": [3.5, 6, 3.75, 6.25], "texture": "#1"},
				"west": {"uv": [3.75, 6, 4, 6.25], "texture": "#1"},
				"up": {"uv": [4.25, 6.25, 4, 6], "texture": "#1"},
				"down": {"uv": [4.5, 6, 4.25, 6.25], "texture": "#1"}
			}
		}
	],
	"groups": [
		{
			"name": "rail_left",
			"origin": [8, 8, 8],
			"color": 0,
			"children": [0, 1, 2]
		},
		{
			"name": "rail_right",
			"origin": [8, 8, 8],
			"color": 0,
			"children": [3, 4, 5]
		},
		{
			"name": "steps",
			"origin": [8, 8, 8],
			"color": 0,
			"children": [6, 7, 8, 9, 10]
		},
		{
			"name": "powered_rail_left",
			"origin": [8, 8, 8],
			"color": 0,
			"children": [11, 12, 13]
		},
		{
			"name": "powered_rail_right",
			"origin": [8, 8, 8],
			"color": 0,
			"children": [14, 15, 16]
		}
	]
}