{
	"credit": "Made with Blockbench",
	"texture_size": [32, 32],
	"textures": {
		"0": "moreminecarts:block/rays_bioluminescent_rail",
		"particle": "moreminecarts:block/rays_bioluminescent_rail"
	},
	"elements": [
		{
			"from": [12, 1, 0],
			"to": [13, 2, 16],
			"faces": {
				"north": {"uv": [6.5, 11, 7, 11.5], "texture": "#0"},
				"east": {"uv": [0, 6, 8, 6.5], "texture": "#0"},
				"south": {"uv": [7, 11, 7.5, 11.5], "texture": "#0"},
				"west": {"uv": [6, 0, 14, 0.5], "texture": "#0"},
				"up": {"uv": [0.5, 14.5, 0, 6.5], "texture": "#0"},
				"down": {"uv": [1, 6.5, 0.5, 14.5], "texture": "#0"}
			}
		},
		{
			"from": [3, 1, 0],
			"to": [4, 2, 16],
			"faces": {
				"north": {"uv": [7.5, 11, 8, 11.5], "texture": "#0"},
				"east": {"uv": [6, 0.5, 14, 1], "texture": "#0"},
				"south": {"uv": [8, 11, 8.5, 11.5], "texture": "#0"},
				"west": {"uv": [6, 1, 14, 1.5], "texture": "#0"},
				"up": {"uv": [1.5, 14.5, 1, 6.5], "texture": "#0"},
				"down": {"uv": [2, 6.5, 1.5, 14.5], "texture": "#0"}
			}
		},
		{
			"from": [2, 0, 1],
			"to": [14, 1, 4],
			"faces": {
				"north": {"uv": [4.5, 6.5, 10.5, 7], "texture": "#0"},
				"east": {"uv": [6.5, 9, 8, 9.5], "texture": "#0"},
				"south": {"uv": [4.5, 7, 10.5, 7.5], "texture": "#0"},
				"west": {"uv": [2, 10, 3.5, 10.5], "texture": "#0"},
				"up": {"uv": [6, 1.5, 0, 0], "texture": "#0"},
				"down": {"uv": [6, 1.5, 0, 3], "texture": "#0"}
			}
		},
		{
			"from": [2, 0, 12],
			"to": [14, 1, 15],
			"faces": {
				"north": {"uv": [4.5, 7.5, 10.5, 8], "texture": "#0"},
				"east": {"uv": [3.5, 10, 5, 10.5], "texture": "#0"},
				"south": {"uv": [2, 8, 8, 8.5], "texture": "#0"},
				"west": {"uv": [5, 10, 6.5, 10.5], "texture": "#0"},
				"up": {"uv": [6, 4.5, 0, 3], "texture": "#0"},
				"down": {"uv": [6, 4.5, 0, 6], "texture": "#0"}
			}
		},
		{
			"from": [2, 0, 6],
			"to": [7, 1, 9],
			"faces": {
				"north": {"uv": [8.5, 4.5, 11, 5], "texture": "#0"},
				"east": {"uv": [6.5, 10, 8, 10.5], "texture": "#0"},
				"south": {"uv": [8.5, 5, 11, 5.5], "texture": "#0"},
				"west": {"uv": [8, 10, 9.5, 10.5], "texture": "#0"},
				"up": {"uv": [8.5, 3, 6, 1.5], "texture": "#0"},
				"down": {"uv": [8.5, 3, 6, 4.5], "texture": "#0"}
			}
		},
		{
			"from": [7, 0, 6],
			"to": [9, 1, 10],
			"faces": {
				"north": {"uv": [7, 8.5, 8, 9], "texture": "#0"},
				"east": {"uv": [9, 8, 11, 8.5], "texture": "#0"},
				"south": {"uv": [8, 10.5, 9, 11], "texture": "#0"},
				"west": {"uv": [9, 8.5, 11, 9], "texture": "#0"},
				"up": {"uv": [9, 10, 8, 8], "texture": "#0"},
				"down": {"uv": [9.5, 1.5, 8.5, 3.5], "texture": "#0"}
			}
		},
		{
			"from": [9, 0, 7],
			"to": [14, 1, 10],
			"faces": {
				"north": {"uv": [8.5, 5.5, 11, 6], "texture": "#0"},
				"east": {"uv": [9.5, 10, 11, 10.5], "texture": "#0"},
				"south": {"uv": [4, 9, 6.5, 9.5], "texture": "#0"},
				"west": {"uv": [2, 10.5, 3.5, 11], "texture": "#0"},
				"up": {"uv": [8.5, 6, 6, 4.5], "texture": "#0"},
				"down": {"uv": [4.5, 6.5, 2, 8], "texture": "#0"}
			}
		},
		{
			"from": [5, 1, 7],
			"to": [9, 1.1, 8],
			"faces": {
				"north": {"uv": [9, 9, 11, 9.5], "texture": "#0"},
				"east": {"uv": [11, 8, 11.5, 8.5], "texture": "#0"},
				"south": {"uv": [9.5, 1.5, 11.5, 2], "texture": "#0"},
				"west": {"uv": [8.5, 11, 9, 11.5], "texture": "#0"},
				"up": {"uv": [11.5, 2.5, 9.5, 2], "texture": "#0"},
				"down": {"uv": [11.5, 2.5, 9.5, 3], "texture": "#0"}
			}
		},
		{
			"from": [7, 1, 8],
			"to": [11, 1.1, 9],
			"faces": {
				"north": {"uv": [9.5, 3, 11.5, 3.5], "texture": "#0"},
				"east": {"uv": [11, 8.5, 11.5, 9], "texture": "#0"},
				"south": {"uv": [4, 9.5, 6, 10], "texture": "#0"},
				"west": {"uv": [9, 11, 9.5, 11.5], "texture": "#0"},
				"up": {"uv": [8, 10, 6, 9.5], "texture": "#0"},
				"down": {"uv": [11, 9.5, 9, 10], "texture": "#0"}
			}
		},
		{
			"from": [12, 2, 8],
			"to": [13, 2.1, 10],
			"faces": {
				"north": {"uv": [11.5, 4, 12, 4.5], "texture": "#0"},
				"east": {"uv": [5, 11, 6, 11.5], "texture": "#0"},
				"south": {"uv": [4.5, 11.5, 5, 12], "texture": "#0"},
				"west": {"uv": [11, 5, 12, 5.5], "texture": "#0"},
				"up": {"uv": [11.5, 6.5, 11, 5.5], "texture": "#0"},
				"down": {"uv": [6.5, 11, 6, 12], "texture": "#0"}
			}
		},
		{
			"from": [12, 2, 5],
			"to": [13, 2.1, 6],
			"faces": {
				"north": {"uv": [7.5, 11.5, 8, 12], "texture": "#0"},
				"east": {"uv": [8, 11.5, 8.5, 12], "texture": "#0"},
				"south": {"uv": [11.5, 8, 12, 8.5], "texture": "#0"},
				"west": {"uv": [8.5, 11.5, 9, 12], "texture": "#0"},
				"up": {"uv": [12, 9, 11.5, 8.5], "texture": "#0"},
				"down": {"uv": [9.5, 11.5, 9, 12], "texture": "#0"}
			}
		},
		{
			"from": [3, 2, 4],
			"to": [4, 2.1, 5],
			"faces": {
				"north": {"uv": [11.5, 9, 12, 9.5], "texture": "#0"},
				"east": {"uv": [9.5, 11.5, 10, 12], "texture": "#0"},
				"south": {"uv": [11.5, 9.5, 12, 10], "texture": "#0"},
				"west": {"uv": [10, 11.5, 10.5, 12], "texture": "#0"},
				"up": {"uv": [12, 10.5, 11.5, 10], "texture": "#0"},
				"down": {"uv": [11, 11.5, 10.5, 12], "texture": "#0"}
			}
		},
		{
			"from": [3, 2, 9],
			"to": [4, 2.1, 10],
			"faces": {
				"north": {"uv": [11.5, 10.5, 12, 11], "texture": "#0"},
				"east": {"uv": [11, 11.5, 11.5, 12], "texture": "#0"},
				"south": {"uv": [11.5, 11, 12, 11.5], "texture": "#0"},
				"west": {"uv": [11.5, 11.5, 12, 12], "texture": "#0"},
				"up": {"uv": [12.5, 2, 12, 1.5], "texture": "#0"},
				"down": {"uv": [2.5, 12, 2, 12.5], "texture": "#0"}
			}
		},
		{
			"from": [13, 1, 8],
			"to": [14, 1.1, 9],
			"faces": {
				"north": {"uv": [5, 11.5, 5.5, 12], "texture": "#0"},
				"east": {"uv": [5.5, 11.5, 6, 12], "texture": "#0"},
				"south": {"uv": [11.5, 5.5, 12, 6], "texture": "#0"},
				"west": {"uv": [11.5, 6, 12, 6.5], "texture": "#0"},
				"up": {"uv": [7, 12, 6.5, 11.5], "texture": "#0"},
				"down": {"uv": [7.5, 11.5, 7, 12], "texture": "#0"}
			}
		},
		{
			"from": [8, 1, 1],
			"to": [10, 1.1, 4],
			"faces": {
				"north": {"uv": [9, 10.5, 10, 11], "texture": "#0"},
				"east": {"uv": [3.5, 10.5, 5, 11], "texture": "#0"},
				"south": {"uv": [10, 10.5, 11, 11], "texture": "#0"},
				"west": {"uv": [5, 10.5, 6.5, 11], "texture": "#0"},
				"up": {"uv": [3, 10, 2, 8.5], "texture": "#0"},
				"down": {"uv": [4, 8.5, 3, 10], "texture": "#0"}
			}
		},
		{
			"from": [5, 1, 2],
			"to": [8, 1.1, 3],
			"faces": {
				"north": {"uv": [6.5, 10.5, 8, 11], "texture": "#0"},
				"east": {"uv": [11, 9, 11.5, 9.5], "texture": "#0"},
				"south": {"uv": [10.5, 6.5, 12, 7], "texture": "#0"},
				"west": {"uv": [9.5, 11, 10, 11.5], "texture": "#0"},
				"up": {"uv": [12, 7.5, 10.5, 7], "texture": "#0"},
				"down": {"uv": [12, 7.5, 10.5, 8], "texture": "#0"}
			}
		},
		{
			"from": [5, 1, 13],
			"to": [11, 1.1, 14],
			"faces": {
				"north": {"uv": [8, 6, 11, 6.5], "texture": "#0"},
				"east": {"uv": [11.5, 3, 12, 3.5], "texture": "#0"},
				"south": {"uv": [8.5, 3.5, 11.5, 4], "texture": "#0"},
				"west": {"uv": [3.5, 11.5, 4, 12], "texture": "#0"},
				"up": {"uv": [7, 9, 4, 8.5], "texture": "#0"},
				"down": {"uv": [11.5, 4, 8.5, 4.5], "texture": "#0"}
			}
		},
		{
			"from": [8, 1, 12],
			"to": [10, 1.1, 13],
			"faces": {
				"north": {"uv": [2, 11, 3, 11.5], "texture": "#0"},
				"east": {"uv": [11.5, 3.5, 12, 4], "texture": "#0"},
				"south": {"uv": [3, 11, 4, 11.5], "texture": "#0"},
				"west": {"uv": [4, 11.5, 4.5, 12], "texture": "#0"},
				"up": {"uv": [5, 11.5, 4, 11], "texture": "#0"},
				"down": {"uv": [12, 4.5, 11, 5], "texture": "#0"}
			}
		},
		{
			"from": [7, 1, 1],
			"to": [8, 1.1, 2],
			"faces": {
				"north": {"uv": [11, 9.5, 11.5, 10], "texture": "#0"},
				"east": {"uv": [10, 11, 10.5, 11.5], "texture": "#0"},
				"south": {"uv": [11, 10, 11.5, 10.5], "texture": "#0"},
				"west": {"uv": [10.5, 11, 11, 11.5], "texture": "#0"},
				"up": {"uv": [11.5, 11, 11, 10.5], "texture": "#0"},
				"down": {"uv": [11.5, 11, 11, 11.5], "texture": "#0"}
			}
		},
		{
			"from": [10, 1, 2],
			"to": [11, 1.1, 3],
			"faces": {
				"north": {"uv": [11.5, 1.5, 12, 2], "texture": "#0"},
				"east": {"uv": [2, 11.5, 2.5, 12], "texture": "#0"},
				"south": {"uv": [11.5, 2, 12, 2.5], "texture": "#0"},
				"west": {"uv": [2.5, 11.5, 3, 12], "texture": "#0"},
				"up": {"uv": [12, 3, 11.5, 2.5], "texture": "#0"},
				"down": {"uv": [3.5, 11.5, 3, 12], "texture": "#0"}
			}
		}
	],
	"gui_light": "front",
	"display": {
		"thirdperson_righthand": {
			"rotation": [90, 0, 0],
			"translation": [0, 2.25, 4.5],
			"scale": [0.6, 0.6, 0.6]
		},
		"thirdperson_lefthand": {
			"rotation": [90, 0, 0],
			"translation": [0, 2.25, 4.5],
			"scale": [0.6, 0.6, 0.6]
		},
		"firstperson_righthand": {
			"rotation": [50, 0, 75],
			"translation": [3, 0.5, -6]
		},
		"firstperson_lefthand": {
			"rotation": [50, 0, 75],
			"translation": [3, 0.5, -6]
		},
		"ground": {
			"translation": [0, 2.5, 0],
			"scale": [0.5, 0.5, 0.5]
		},
		"gui": {
			"rotation": [90, 0, 0]
		},
		"head": {
			"rotation": [90, 0, 0],
			"translation": [0, 0, 14.5]
		},
		"fixed": {
			"rotation": [-90, 0, 0],
			"translation": [0, 0, -8]
		}
	},
	"groups": [
		{
			"name": "rail",
			"origin": [8, 8, 8],
			"color": 0,
			"children": [0, 1]
		},
		{
			"name": "steps",
			"origin": [8, 8, 8],
			"color": 0,
			"children": [2, 3, 4, 5, 6]
		},
		{
			"name": "extras",
			"origin": [8, 8, 8],
			"color": 0,
			"children": [7, 8, 9, 10, 11, 12, 13, 14, 15, 16, 17, 18, 19]
		}
	]
}