{
	"credit": "Made with Blockbench",
	"texture_size": [32, 32],
	"textures": {
		"1": "moreminecarts:block/rays_bioluminescent_rail_corner",
		"particle": "moreminecarts:block/rays_bioluminescent_rail_corner"
	},
	"elements": [
		{
			"name": "connector",
			"from": [12, 1, 15.275],
			"to": [13, 2, 16],
			"faces": {
				"north": {"uv": [3.5, 9.5, 4, 10], "texture": "#1"},
				"east": {"uv": [5, 9.5, 5.5, 10], "texture": "#1"},
				"south": {"uv": [9.5, 5, 10, 5.5], "texture": "#1"},
				"west": {"uv": [5.5, 9.5, 6, 10], "texture": "#1"},
				"up": {"uv": [10, 6, 9.5, 5.5], "texture": "#1"},
				"down": {"uv": [6.5, 9.5, 6, 10], "texture": "#1"}
			}
		},
		{
			"name": "connector",
			"from": [15.275, 1, 12],
			"to": [16, 2, 13],
			"faces": {
				"north": {"uv": [9.5, 6, 10, 6.5], "texture": "#1"},
				"east": {"uv": [6.5, 9.5, 7, 10], "texture": "#1"},
				"south": {"uv": [9.5, 6.5, 10, 7], "texture": "#1"},
				"west": {"uv": [9.5, 7, 10, 7.5], "texture": "#1"},
				"up": {"uv": [8, 10, 7.5, 9.5], "texture": "#1"},
				"down": {"uv": [10, 7.5, 9.5, 8], "texture": "#1"}
			}
		},
		{
			"from": [8.02, 1.002, 16.928],
			"to": [9.52, 1.998, 17.928],
			"rotation": {"angle": 22.5, "axis": "y", "origin": [0, 0, 0]},
			"faces": {
				"north": {"uv": [8.5, 2.5, 9.5, 3], "texture": "#1"},
				"east": {"uv": [8, 9.5, 8.5, 10], "texture": "#1"},
				"south": {"uv": [5, 8.5, 6, 9], "texture": "#1"},
				"west": {"uv": [8.5, 9.5, 9, 10], "texture": "#1"},
				"up": {"uv": [9.5, 5.5, 8.5, 5], "texture": "#1"},
				"down": {"uv": [9.5, 5.5, 8.5, 6], "texture": "#1"}
			}
		},
		{
			"from": [16.928, 1.002, 8.02],
			"to": [17.928, 1.998, 9.52],
			"rotation": {"angle": -22.5, "axis": "y", "origin": [0, 0, 0]},
			"faces": {
				"north": {"uv": [9.5, 8.5, 10, 9], "texture": "#1"},
				"east": {"uv": [6, 8.5, 7, 9], "texture": "#1"},
				"south": {"uv": [9, 9.5, 9.5, 10], "texture": "#1"},
				"west": {"uv": [8.5, 6, 9.5, 6.5], "texture": "#1"},
				"up": {"uv": [8, 9.5, 7.5, 8.5], "texture": "#1"},
				"down": {"uv": [8.5, 8.5, 8, 9.5], "texture": "#1"}
			}
		},
		{
			"name": "middle",
			"from": [-0.93, 1, 18.7082],
			"to": [0.93, 2, 19.7082],
			"rotation": {"angle": 45, "axis": "y", "origin": [0, 0, 0]},
			"faces": {
				"north": {"uv": [8.5, 8.5, 9.5, 9], "texture": "#1"},
				"east": {"uv": [9.5, 9, 10, 9.5], "texture": "#1"},
				"south": {"uv": [0, 9, 1, 9.5], "texture": "#1"},
				"west": {"uv": [9.5, 9.5, 10, 10], "texture": "#1"},
				"up": {"uv": [10, 0.5, 9, 0], "texture": "#1"},
				"down": {"uv": [10, 0.5, 9, 1], "texture": "#1"}
			}
		},
		{
			"from": [6.75, 0.004, 7],
			"to": [18.75, 0.996, 10],
			"rotation": {"angle": -22.5, "axis": "y", "origin": [0, 0, 0]},
			"faces": {
				"north": {"uv": [3, 3, 9, 3.5], "texture": "#1"},
				"east": {"uv": [4, 6.5, 5.5, 7], "texture": "#1"},
				"south": {"uv": [3, 3.5, 9, 4], "texture": "#1"},
				"west": {"uv": [6, 6.5, 7.5, 7], "texture": "#1"},
				"up": {"uv": [6, 1.5, 0, 0], "texture": "#1"},
				"down": {"uv": [6, 1.5, 0, 3], "texture": "#1"}
			}
		},
		{
			"from": [7, 0, 6.75],
			"to": [10, 1, 18.75],
			"rotation": {"angle": 22.5, "axis": "y", "origin": [0, 0, 0]},
			"faces": {
				"north": {"uv": [4, 7, 5.5, 7.5], "texture": "#1"},
				"east": {"uv": [3, 4, 9, 4.5], "texture": "#1"},
				"south": {"uv": [6, 7, 7.5, 7.5], "texture": "#1"},
				"west": {"uv": [3, 4.5, 9, 5], "texture": "#1"},
				"up": {"uv": [1.5, 9, 0, 3], "texture": "#1"},
				"down": {"uv": [3, 3, 1.5, 9], "texture": "#1"}
			}
		},
		{
			"name": "-connector",
			"from": [3, 1, 13.485],
			"to": [4, 2, 16],
			"faces": {
				"north": {"uv": [0, 10, 0.5, 10.5], "texture": "#1"},
				"east": {"uv": [4, 7.5, 5.5, 8], "texture": "#1"},
				"south": {"uv": [10, 0, 10.5, 0.5], "texture": "#1"},
				"west": {"uv": [5.5, 7.5, 7, 8], "texture": "#1"},
				"up": {"uv": [8, 8, 7.5, 6.5], "texture": "#1"},
				"down": {"uv": [7.5, 7.5, 7, 9], "texture": "#1"}
			}
		},
		{
			"name": "connector",
			"from": [13.484, 1, 3],
			"to": [16, 2, 4],
			"faces": {
				"north": {"uv": [4, 8, 5.5, 8.5], "texture": "#1"},
				"east": {"uv": [0.5, 10, 1, 10.5], "texture": "#1"},
				"south": {"uv": [5.5, 8, 7, 8.5], "texture": "#1"},
				"west": {"uv": [10, 0.5, 10.5, 1], "texture": "#1"},
				"up": {"uv": [9.5, 7, 8, 6.5], "texture": "#1"},
				"down": {"uv": [9.5, 7, 8, 7.5], "texture": "#1"}
			}
		},
		{
			"name": "-22,5",
			"from": [7.928, 1.002, 6.23],
			"to": [8.928, 1.998, 11.31],
			"rotation": {"angle": -22.5, "axis": "y", "origin": [0, 0, 0]},
			"faces": {
				"north": {"uv": [1, 10, 1.5, 10.5], "texture": "#1"},
				"east": {"uv": [3, 5, 5.5, 5.5], "texture": "#1"},
				"south": {"uv": [10, 1, 10.5, 1.5], "texture": "#1"},
				"west": {"uv": [3, 5.5, 5.5, 6], "texture": "#1"},
				"up": {"uv": [6, 7.5, 5.5, 5], "texture": "#1"},
				"down": {"uv": [6.5, 0, 6, 2.5], "texture": "#1"}
			}
		},
		{
			"name": "22,5",
			"from": [6.229, 1.002, 7.928],
			"to": [11.31, 1.998, 8.928],
			"rotation": {"angle": 22.5, "axis": "y", "origin": [0, 0, 0]},
			"faces": {
				"north": {"uv": [6, 2.5, 8.5, 3], "texture": "#1"},
				"east": {"uv": [1.5, 10, 2, 10.5], "texture": "#1"},
				"south": {"uv": [3, 6, 5.5, 6.5], "texture": "#1"},
				"west": {"uv": [10, 1.5, 10.5, 2], "texture": "#1"},
				"up": {"uv": [8.5, 5.5, 6, 5], "texture": "#1"},
				"down": {"uv": [8.5, 5.5, 6, 6], "texture": "#1"}
			}
		},
		{
			"name": "45",
			"from": [-2.72, 1, 9.706],
			"to": [2.72, 2, 10.706],
			"rotation": {"angle": 45, "axis": "y", "origin": [0, 0, 0]},
			"faces": {
				"north": {"uv": [6, 6, 8.5, 6.5], "texture": "#1"},
				"east": {"uv": [2, 10, 2.5, 10.5], "texture": "#1"},
				"south": {"uv": [6.5, 0, 9, 0.5], "texture": "#1"},
				"west": {"uv": [10, 2, 10.5, 2.5], "texture": "#1"},
				"up": {"uv": [9, 1, 6.5, 0.5], "texture": "#1"},
				"down": {"uv": [9, 1, 6.5, 1.5], "texture": "#1"}
			}
		},
		{
			"from": [11.75, 1, 8],
			"to": [13.75, 1.1, 9],
			"rotation": {"angle": -22.5, "axis": "y", "origin": [0, 0, 0]},
			"faces": {
				"north": {"uv": [1, 9, 2, 9.5], "texture": "#1"},
				"east": {"uv": [2.5, 10, 3, 10.5], "texture": "#1"},
				"south": {"uv": [9, 1, 10, 1.5], "texture": "#1"},
				"west": {"uv": [10, 3, 10.5, 3.5], "texture": "#1"},
				"up": {"uv": [10, 2, 9, 1.5], "texture": "#1"},
				"down": {"uv": [3, 9, 2, 9.5], "texture": "#1"}
			}
		},
		{
			"from": [10.75, 1, 9],
			"to": [12.75, 1.1, 10],
			"rotation": {"angle": -22.5, "axis": "y", "origin": [0, 0, 0]},
			"faces": {
				"north": {"uv": [9, 2, 10, 2.5], "texture": "#1"},
				"east": {"uv": [3.5, 10, 4, 10.5], "texture": "#1"},
				"south": {"uv": [3, 9, 4, 9.5], "texture": "#1"},
				"west": {"uv": [10, 3.5, 10.5, 4], "texture": "#1"},
				"up": {"uv": [10, 3.5, 9, 3], "texture": "#1"},
				"down": {"uv": [10, 3.5, 9, 4], "texture": "#1"}
			}
		},
		{
			"from": [13.75, 1, 8],
			"to": [14.75, 1.1, 9],
			"rotation": {"angle": -22.5, "axis": "y", "origin": [0, 0, 0]},
			"faces": {
				"north": {"uv": [4, 10, 4.5, 10.5], "texture": "#1"},
				"east": {"uv": [10, 4, 10.5, 4.5], "texture": "#1"},
				"south": {"uv": [4.5, 10, 5, 10.5], "texture": "#1"},
				"west": {"uv": [10, 4.5, 10.5, 5], "texture": "#1"},
				"up": {"uv": [5.5, 10.5, 5, 10], "texture": "#1"},
				"down": {"uv": [10.5, 5, 10, 5.5], "texture": "#1"}
			}
		},
		{
			"from": [11.75, 1, 7],
			"to": [13.75, 1.1, 8],
			"rotation": {"angle": -22.5, "axis": "y", "origin": [0, 0, 0]},
			"faces": {
				"north": {"uv": [9, 4, 10, 4.5], "texture": "#1"},
				"east": {"uv": [5.5, 10, 6, 10.5], "texture": "#1"},
				"south": {"uv": [9, 4.5, 10, 5], "texture": "#1"},
				"west": {"uv": [10, 5.5, 10.5, 6], "texture": "#1"},
				"up": {"uv": [6, 9.5, 5, 9], "texture": "#1"},
				"down": {"uv": [7, 9, 6, 9.5], "texture": "#1"}
			}
		},
		{
			"from": [9.75, 1, 8],
			"to": [11.75, 1.1, 9],
			"rotation": {"angle": -22.5, "axis": "y", "origin": [0, 0, 0]},
			"faces": {
				"north": {"uv": [9, 8, 10, 8.5], "texture": "#1"},
				"east": {"uv": [6, 10, 6.5, 10.5], "texture": "#1"},
				"south": {"uv": [8.5, 9, 9.5, 9.5], "texture": "#1"},
				"west": {"uv": [10, 6, 10.5, 6.5], "texture": "#1"},
				"up": {"uv": [1, 10, 0, 9.5], "texture": "#1"},
				"down": {"uv": [2, 9.5, 1, 10], "texture": "#1"}
			}
		},
		{
			"from": [3, 2, 14.2],
			"to": [4, 2.1, 15.2],
			"faces": {
				"north": {"uv": [10.5, 0.5, 11, 1], "texture": "#1"},
				"east": {"uv": [1, 10.5, 1.5, 11], "texture": "#1"},
				"south": {"uv": [10.5, 1, 11, 1.5], "texture": "#1"},
				"west": {"uv": [1.5, 10.5, 2, 11], "texture": "#1"},
				"up": {"uv": [11, 2, 10.5, 1.5], "texture": "#1"},
				"down": {"uv": [2.5, 10.5, 2, 11], "texture": "#1"}
			}
		},
		{
			"from": [7.928, 2, 7.25],
			"to": [8.928, 2.1, 8.25],
			"rotation": {"angle": -22.5, "axis": "y", "origin": [0, 0, 0]},
			"faces": {
				"north": {"uv": [9.5, 10, 10, 10.5], "texture": "#1"},
				"east": {"uv": [10, 9.5, 10.5, 10], "texture": "#1"},
				"south": {"uv": [10, 10, 10.5, 10.5], "texture": "#1"},
				"west": {"uv": [0, 10.5, 0.5, 11], "texture": "#1"},
				"up": {"uv": [11, 0.5, 10.5, 0], "texture": "#1"},
				"down": {"uv": [1, 10.5, 0.5, 11], "texture": "#1"}
			}
		},
		{
			"from": [8, 1, 10.75],
			"to": [9, 1.1, 15.75],
			"rotation": {"angle": 22.5, "axis": "y", "origin": [0, 0, 0]},
			"faces": {
				"north": {"uv": [6.5, 10, 7, 10.5], "texture": "#1"},
				"east": {"uv": [6.5, 1.5, 9, 2], "texture": "#1"},
				"south": {"uv": [10, 6.5, 10.5, 7], "texture": "#1"},
				"west": {"uv": [6.5, 2, 9, 2.5], "texture": "#1"},
				"up": {"uv": [3.5, 9, 3, 6.5], "texture": "#1"},
				"down": {"uv": [4, 6.5, 3.5, 9], "texture": "#1"}
			}
		},
		{
			"from": [7, 1, 9.75],
			"to": [8, 1.1, 12.75],
			"rotation": {"angle": 22.5, "axis": "y", "origin": [0, 0, 0]},
			"faces": {
				"north": {"uv": [7, 10, 7.5, 10.5], "texture": "#1"},
				"east": {"uv": [7.5, 8, 9, 8.5], "texture": "#1"},
				"south": {"uv": [10, 7, 10.5, 7.5], "texture": "#1"},
				"west": {"uv": [8, 7.5, 9.5, 8], "texture": "#1"},
				"up": {"uv": [4.5, 10, 4, 8.5], "texture": "#1"},
				"down": {"uv": [5, 8.5, 4.5, 10], "texture": "#1"}
			}
		},
		{
			"from": [9, 1, 12.75],
			"to": [10, 1.1, 14.75],
			"rotation": {"angle": 22.5, "axis": "y", "origin": [0, 0, 0]},
			"faces": {
				"north": {"uv": [7.5, 10, 8, 10.5], "texture": "#1"},
				"east": {"uv": [2, 9.5, 3, 10], "texture": "#1"},
				"south": {"uv": [10, 7.5, 10.5, 8], "texture": "#1"},
				"west": {"uv": [9.5, 2.5, 10.5, 3], "texture": "#1"},
				"up": {"uv": [7.5, 10, 7, 9], "texture": "#1"},
				"down": {"uv": [3.5, 9.5, 3, 10.5], "texture": "#1"}
			}
		},
		{
			"from": [9.3, 2, 7.928],
			"to": [10.3, 2.1, 8.928],
			"rotation": {"angle": 22.5, "axis": "y", "origin": [0, 0, 0]},
			"faces": {
				"north": {"uv": [10.5, 2, 11, 2.5], "texture": "#1"},
				"east": {"uv": [2.5, 10.5, 3, 11], "texture": "#1"},
				"south": {"uv": [10.5, 2.5, 11, 3], "texture": "#1"},
				"west": {"uv": [3, 10.5, 3.5, 11], "texture": "#1"},
				"up": {"uv": [11, 3.5, 10.5, 3], "texture": "#1"},
				"down": {"uv": [4, 10.5, 3.5, 11], "texture": "#1"}
			}
		},
		{
			"from": [16.928, 2, 8.228],
			"to": [17.928, 2.1, 9.228],
			"rotation": {"angle": -22.5, "axis": "y", "origin": [0, 0, 0]},
			"faces": {
				"north": {"uv": [10.5, 3.5, 11, 4], "texture": "#1"},
				"east": {"uv": [4, 10.5, 4.5, 11], "texture": "#1"},
				"south": {"uv": [10.5, 4, 11, 4.5], "texture": "#1"},
				"west": {"uv": [4.5, 10.5, 5, 11], "texture": "#1"},
				"up": {"uv": [11, 5, 10.5, 4.5], "texture": "#1"},
				"down": {"uv": [5.5, 10.5, 5, 11], "texture": "#1"}
			}
		},
		{
			"from": [7, 1, 13.75],
			"to": [8, 1.1, 14.75],
			"rotation": {"angle": 22.5, "axis": "y", "origin": [0, 0, 0]},
			"faces": {
				"north": {"uv": [8, 10, 8.5, 10.5], "texture": "#1"},
				"east": {"uv": [10, 8, 10.5, 8.5], "texture": "#1"},
				"south": {"uv": [8.5, 10, 9, 10.5], "texture": "#1"},
				"west": {"uv": [10, 8.5, 10.5, 9], "texture": "#1"},
				"up": {"uv": [9.5, 10.5, 9, 10], "texture": "#1"},
				"down": {"uv": [10.5, 9, 10, 9.5], "texture": "#1"}
			}
		}
	],
	"groups": [
		{
			"name": "inner_rail",
			"origin": [8, 8, 8],
			"color": 0,
			"children": [0, 1, 2, 3, 4]
		},
		{
			"name": "steps",
			"origin": [8, 8, 8],
			"color": 0,
			"children": [5, 6]
		},
		{
			"name": "outer_rail",
			"origin": [8, 8, 8],
			"color": 0,
			"children": [7, 8, 9, 10, 11]
		},
		{
			"name": "extras",
			"origin": [8, 8, 8],
			"color": 0,
			"children": [12, 13, 14, 15, 16, 17, 18, 19, 20, 21, 22, 23, 24]
		}
	]
}