{
	"credit": "Made with Blockbench, by xR4YM0ND",
	"texture_size": [32, 32],
	"textures": {
		"1": "moreminecarts:block/rays_locking_rail_off",
		"particle": "moreminecarts:block/rays_locking_rail_off"
	},
	"elements": [
		{
			"from": [2.996, 1, 0],
			"to": [4.004, 2, 16],
			"faces": {
				"north": {"uv": [9.5, 12.5, 10, 13], "texture": "#1"},
				"east": {"uv": [6, 1, 14, 1.5], "texture": "#1"},
				"south": {"uv": [7.5, 13, 8, 13.5], "texture": "#1"},
				"west": {"uv": [6, 1.5, 14, 2], "texture": "#1"},
				"up": {"uv": [6.5, 10, 6, 2], "texture": "#1"},
				"down": {"uv": [7, 2, 6.5, 10], "texture": "#1"}
			}
		},
		{
			"from": [11.996, 1, 0],
			"to": [13.004, 2, 16],
			"faces": {
				"north": {"uv": [14, 13.5, 14.5, 14], "texture": "#1"},
				"east": {"uv": [7, 2, 15, 2.5], "texture": "#1"},
				"south": {"uv": [14, 14, 14.5, 14.5], "texture": "#1"},
				"west": {"uv": [7, 2.5, 15, 3], "texture": "#1"},
				"up": {"uv": [0.5, 15, 0, 7], "texture": "#1"},
				"down": {"uv": [1, 7, 0.5, 15], "texture": "#1"}
			}
		},
		{
			"from": [2, 0, 1],
			"to": [14, 1, 3],
			"faces": {
				"north": {"uv": [7, 5, 13, 5.5], "texture": "#1"},
				"east": {"uv": [12, 12, 13, 12.5], "texture": "#1"},
				"south": {"uv": [7, 5.5, 13, 6], "texture": "#1"},
				"west": {"uv": [7, 12.5, 8, 13], "texture": "#1"},
				"up": {"uv": [6, 1, 0, 0], "texture": "#1"},
				"down": {"uv": [6, 1, 0, 2], "texture": "#1"}
			}
		},
		{
			"from": [2, 0, 5],
			"to": [14, 1, 7],
			"faces": {
				"north": {"uv": [7, 6, 13, 6.5], "texture": "#1"},
				"east": {"uv": [12.5, 9, 13.5, 9.5], "texture": "#1"},
				"south": {"uv": [7, 6.5, 13, 7], "texture": "#1"},
				"west": {"uv": [10.5, 12.5, 11.5, 13], "texture": "#1"},
				"up": {"uv": [6, 3, 0, 2], "texture": "#1"},
				"down": {"uv": [6, 3, 0, 4], "texture": "#1"}
			}
		},
		{
			"from": [2, 0, 9],
			"to": [14, 1, 11],
			"faces": {
				"north": {"uv": [7, 7, 13, 7.5], "texture": "#1"},
				"east": {"uv": [11.5, 12.5, 12.5, 13], "texture": "#1"},
				"south": {"uv": [7, 7.5, 13, 8], "texture": "#1"},
				"west": {"uv": [12.5, 12.5, 13.5, 13], "texture": "#1"},
				"up": {"uv": [6, 5, 0, 4], "texture": "#1"},
				"down": {"uv": [6, 5, 0, 6], "texture": "#1"}
			}
		},
		{
			"from": [2, 0, 13],
			"to": [14, 1, 15],
			"faces": {
				"north": {"uv": [7, 8, 13, 8.5], "texture": "#1"},
				"east": {"uv": [13, 5, 14, 5.5], "texture": "#1"},
				"south": {"uv": [7, 8.5, 13, 9], "texture": "#1"},
				"west": {"uv": [5.5, 13, 6.5, 13.5], "texture": "#1"},
				"up": {"uv": [6, 7, 0, 6], "texture": "#1"},
				"down": {"uv": [12, 0, 6, 1], "texture": "#1"}
			}
		},
		{
			"from": [2.8, 1, 2],
			"to": [3, 2, 5],
			"faces": {
				"north": {"uv": [14.5, 0, 15, 0.5], "texture": "#1"},
				"east": {"uv": [4, 11, 5.5, 11.5], "texture": "#1"},
				"south": {"uv": [14.5, 0.5, 15, 1], "texture": "#1"},
				"west": {"uv": [5.5, 11, 7, 11.5], "texture": "#1"},
				"up": {"uv": [7.5, 12.5, 7, 11], "texture": "#1"},
				"down": {"uv": [8, 11, 7.5, 12.5], "texture": "#1"}
			}
		},
		{
			"from": [4, 1, 2],
			"to": [4.2, 2, 5],
			"faces": {
				"north": {"uv": [3, 14.5, 3.5, 15], "texture": "#1"},
				"east": {"uv": [8, 11, 9.5, 11.5], "texture": "#1"},
				"south": {"uv": [3.5, 14.5, 4, 15], "texture": "#1"},
				"west": {"uv": [11, 9, 12.5, 9.5], "texture": "#1"},
				"up": {"uv": [10, 12.5, 9.5, 11], "texture": "#1"},
				"down": {"uv": [11.5, 9.5, 11, 11], "texture": "#1"}
			}
		},
		{
			"from": [2.8, 1, 11],
			"to": [3, 2, 14],
			"faces": {
				"north": {"uv": [4, 14.5, 4.5, 15], "texture": "#1"},
				"east": {"uv": [10, 11, 11.5, 11.5], "texture": "#1"},
				"south": {"uv": [4.5, 14.5, 5, 15], "texture": "#1"},
				"west": {"uv": [4, 11.5, 5.5, 12], "texture": "#1"},
				"up": {"uv": [6, 13, 5.5, 11.5], "texture": "#1"},
				"down": {"uv": [6.5, 11.5, 6, 13], "texture": "#1"}
			}
		},
		{
			"from": [4, 1, 11],
			"to": [4.2, 2, 14],
			"faces": {
				"north": {"uv": [5, 14.5, 5.5, 15], "texture": "#1"},
				"east": {"uv": [8, 11.5, 9.5, 12], "texture": "#1"},
				"south": {"uv": [5.5, 14.5, 6, 15], "texture": "#1"},
				"west": {"uv": [11.5, 9.5, 13, 10], "texture": "#1"},
				"up": {"uv": [7, 13, 6.5, 11.5], "texture": "#1"},
				"down": {"uv": [10.5, 11.5, 10, 13], "texture": "#1"}
			}
		},
		{
			"from": [11.8, 1, 2],
			"to": [12, 2, 5],
			"faces": {
				"north": {"uv": [6, 14.5, 6.5, 15], "texture": "#1"},
				"east": {"uv": [11.5, 10, 13, 10.5], "texture": "#1"},
				"south": {"uv": [6.5, 14.5, 7, 15], "texture": "#1"},
				"west": {"uv": [10.5, 11.5, 12, 12], "texture": "#1"},
				"up": {"uv": [3.5, 13.5, 3, 12], "texture": "#1"},
				"down": {"uv": [4, 12, 3.5, 13.5], "texture": "#1"}
			}
		},
		{
			"from": [13, 1, 2],
			"to": [13.2, 2, 5],
			"faces": {
				"north": {"uv": [7, 14.5, 7.5, 15], "texture": "#1"},
				"east": {"uv": [11.5, 10.5, 13, 11], "texture": "#1"},
				"south": {"uv": [7.5, 14.5, 8, 15], "texture": "#1"},
				"west": {"uv": [11.5, 11, 13, 11.5], "texture": "#1"},
				"up": {"uv": [4.5, 13.5, 4, 12], "texture": "#1"},
				"down": {"uv": [5, 12, 4.5, 13.5], "texture": "#1"}
			}
		},
		{
			"from": [11.8, 1, 11],
			"to": [12, 2, 14],
			"faces": {
				"north": {"uv": [8, 14.5, 8.5, 15], "texture": "#1"},
				"east": {"uv": [12, 0, 13.5, 0.5], "texture": "#1"},
				"south": {"uv": [8.5, 14.5, 9, 15], "texture": "#1"},
				"west": {"uv": [12, 0.5, 13.5, 1], "texture": "#1"},
				"up": {"uv": [5.5, 13.5, 5, 12], "texture": "#1"},
				"down": {"uv": [8.5, 12, 8, 13.5], "texture": "#1"}
			}
		},
		{
			"from": [13, 1, 11],
			"to": [13.2, 2, 14],
			"faces": {
				"north": {"uv": [9, 14.5, 9.5, 15], "texture": "#1"},
				"east": {"uv": [10.5, 12, 12, 12.5], "texture": "#1"},
				"south": {"uv": [14.5, 9, 15, 9.5], "texture": "#1"},
				"west": {"uv": [12, 11.5, 13.5, 12], "texture": "#1"},
				"up": {"uv": [9, 13.5, 8.5, 12], "texture": "#1"},
				"down": {"uv": [9.5, 12, 9, 13.5], "texture": "#1"}
			}
		},
		{
			"name": "flat",
			"from": [7, 0, 3],
			"to": [9, 0.5, 5],
			"faces": {
				"north": {"uv": [13, 5.5, 14, 6], "texture": "#1"},
				"east": {"uv": [13, 6, 14, 6.5], "texture": "#1"},
				"south": {"uv": [6.5, 13, 7.5, 13.5], "texture": "#1"},
				"west": {"uv": [13, 6.5, 14, 7], "texture": "#1"},
				"up": {"uv": [4, 8, 3, 7], "texture": "#1"},
				"down": {"uv": [5, 7, 4, 8], "texture": "#1"}
			}
		},
		{
			"name": "flat",
			"from": [7, 0, 7],
			"to": [9, 0.5, 9],
			"faces": {
				"north": {"uv": [13, 7, 14, 7.5], "texture": "#1"},
				"east": {"uv": [13, 7.5, 14, 8], "texture": "#1"},
				"south": {"uv": [13, 8, 14, 8.5], "texture": "#1"},
				"west": {"uv": [13, 8.5, 14, 9], "texture": "#1"},
				"up": {"uv": [6, 8, 5, 7], "texture": "#1"},
				"down": {"uv": [4, 8, 3, 9], "texture": "#1"}
			}
		},
		{
			"name": "flat",
			"from": [7, 0, 11],
			"to": [9, 0.5, 13],
			"faces": {
				"north": {"uv": [9.5, 13, 10.5, 13.5], "texture": "#1"},
				"east": {"uv": [13, 9.5, 14, 10], "texture": "#1"},
				"south": {"uv": [13, 10, 14, 10.5], "texture": "#1"},
				"west": {"uv": [10.5, 13, 11.5, 13.5], "texture": "#1"},
				"up": {"uv": [5, 9, 4, 8], "texture": "#1"},
				"down": {"uv": [6, 8, 5, 9], "texture": "#1"}
			}
		},
		{
			"name": "flat",
			"from": [7, 0, 15],
			"to": [9, 0.5, 15.8],
			"faces": {
				"north": {"uv": [13, 10.5, 14, 11], "texture": "#1"},
				"east": {"uv": [9.5, 14.5, 10, 15], "texture": "#1"},
				"south": {"uv": [13, 11, 14, 11.5], "texture": "#1"},
				"west": {"uv": [10, 14.5, 10.5, 15], "texture": "#1"},
				"up": {"uv": [12.5, 13.5, 11.5, 13], "texture": "#1"},
				"down": {"uv": [14, 12, 13, 12.5], "texture": "#1"}
			}
		},
		{
			"name": "flat",
			"from": [7, 0, 15.8],
			"to": [9, 0.3, 16],
			"faces": {
				"north": {"uv": [12.5, 13, 13.5, 13.5], "texture": "#1"},
				"east": {"uv": [10.5, 14.5, 11, 15], "texture": "#1"},
				"south": {"uv": [13.5, 0, 14.5, 0.5], "texture": "#1"},
				"west": {"uv": [11, 14.5, 11.5, 15], "texture": "#1"},
				"up": {"uv": [14.5, 1, 13.5, 0.5], "texture": "#1"},
				"down": {"uv": [4, 13.5, 3, 14], "texture": "#1"}
			}
		},
		{
			"name": "flat",
			"from": [7, 0, 0.2],
			"to": [9, 0.5, 1],
			"faces": {
				"north": {"uv": [4, 13.5, 5, 14], "texture": "#1"},
				"east": {"uv": [11.5, 14.5, 12, 15], "texture": "#1"},
				"south": {"uv": [5, 13.5, 6, 14], "texture": "#1"},
				"west": {"uv": [14.5, 11.5, 15, 12], "texture": "#1"},
				"up": {"uv": [7, 14, 6, 13.5], "texture": "#1"},
				"down": {"uv": [8, 13.5, 7, 14], "texture": "#1"}
			}
		},
		{
			"name": "flat",
			"from": [7, 0, 0],
			"to": [9, 0.3, 0.2],
			"faces": {
				"north": {"uv": [8, 13.5, 9, 14], "texture": "#1"},
				"east": {"uv": [12, 14.5, 12.5, 15], "texture": "#1"},
				"south": {"uv": [9, 13.5, 10, 14], "texture": "#1"},
				"west": {"uv": [12.5, 14.5, 13, 15], "texture": "#1"},
				"up": {"uv": [14.5, 9.5, 13.5, 9], "texture": "#1"},
				"down": {"uv": [11, 13.5, 10, 14], "texture": "#1"}
			}
		},
		{
			"name": "over",
			"from": [4, 1, 1],
			"to": [6, 1.1, 3],
			"faces": {
				"north": {"uv": [11, 13.5, 12, 14], "texture": "#1"},
				"east": {"uv": [13.5, 11.5, 14.5, 12], "texture": "#1"},
				"south": {"uv": [12, 13.5, 13, 14], "texture": "#1"},
				"west": {"uv": [13.5, 12.5, 14.5, 13], "texture": "#1"},
				"up": {"uv": [4, 10, 3, 9], "texture": "#1"},
				"down": {"uv": [5, 9, 4, 10], "texture": "#1"}
			}
		},
		{
			"name": "over",
			"from": [4, 1, 5],
			"to": [6, 1.1, 7],
			"faces": {
				"north": {"uv": [13, 13.5, 14, 14], "texture": "#1"},
				"east": {"uv": [13.5, 13, 14.5, 13.5], "texture": "#1"},
				"south": {"uv": [14, 1, 15, 1.5], "texture": "#1"},
				"west": {"uv": [14, 1.5, 15, 2], "texture": "#1"},
				"up": {"uv": [6, 10, 5, 9], "texture": "#1"},
				"down": {"uv": [8, 9, 7, 10], "texture": "#1"}
			}
		},
		{
			"name": "over",
			"from": [4, 1, 9],
			"to": [6, 1.1, 11],
			"faces": {
				"north": {"uv": [3, 14, 4, 14.5], "texture": "#1"},
				"east": {"uv": [4, 14, 5, 14.5], "texture": "#1"},
				"south": {"uv": [5, 14, 6, 14.5], "texture": "#1"},
				"west": {"uv": [14, 5, 15, 5.5], "texture": "#1"},
				"up": {"uv": [9, 10, 8, 9], "texture": "#1"},
				"down": {"uv": [10, 9, 9, 10], "texture": "#1"}
			}
		},
		{
			"name": "over",
			"from": [4, 1, 13],
			"to": [6, 1.1, 15],
			"faces": {
				"north": {"uv": [14, 5.5, 15, 6], "texture": "#1"},
				"east": {"uv": [6, 14, 7, 14.5], "texture": "#1"},
				"south": {"uv": [14, 6, 15, 6.5], "texture": "#1"},
				"west": {"uv": [14, 6.5, 15, 7], "texture": "#1"},
				"up": {"uv": [4, 11, 3, 10], "texture": "#1"},
				"down": {"uv": [5, 10, 4, 11], "texture": "#1"}
			}
		},
		{
			"name": "over",
			"from": [10, 1, 13],
			"to": [12, 1.1, 15],
			"faces": {
				"north": {"uv": [7, 14, 8, 14.5], "texture": "#1"},
				"east": {"uv": [14, 7, 15, 7.5], "texture": "#1"},
				"south": {"uv": [14, 7.5, 15, 8], "texture": "#1"},
				"west": {"uv": [8, 14, 9, 14.5], "texture": "#1"},
				"up": {"uv": [6, 11, 5, 10], "texture": "#1"},
				"down": {"uv": [7, 10, 6, 11], "texture": "#1"}
			}
		},
		{
			"name": "over",
			"from": [10, 1, 9],
			"to": [12, 1.1, 11],
			"faces": {
				"north": {"uv": [14, 8, 15, 8.5], "texture": "#1"},
				"east": {"uv": [14, 8.5, 15, 9], "texture": "#1"},
				"south": {"uv": [9, 14, 10, 14.5], "texture": "#1"},
				"west": {"uv": [14, 9.5, 15, 10], "texture": "#1"},
				"up": {"uv": [8, 11, 7, 10], "texture": "#1"},
				"down": {"uv": [9, 10, 8, 11], "texture": "#1"}
			}
		},
		{
			"name": "over",
			"from": [10, 1, 5],
			"to": [12, 1.1, 7],
			"faces": {
				"north": {"uv": [10, 14, 11, 14.5], "texture": "#1"},
				"east": {"uv": [14, 10, 15, 10.5], "texture": "#1"},
				"south": {"uv": [14, 10.5, 15, 11], "texture": "#1"},
				"west": {"uv": [11, 14, 12, 14.5], "texture": "#1"},
				"up": {"uv": [10, 11, 9, 10], "texture": "#1"},
				"down": {"uv": [11, 9, 10, 10], "texture": "#1"}
			}
		},
		{
			"name": "over",
			"from": [10, 1, 1],
			"to": [12, 1.1, 3],
			"faces": {
				"north": {"uv": [14, 11, 15, 11.5], "texture": "#1"},
				"east": {"uv": [12, 14, 13, 14.5], "texture": "#1"},
				"south": {"uv": [14, 12, 15, 12.5], "texture": "#1"},
				"west": {"uv": [13, 14, 14, 14.5], "texture": "#1"},
				"up": {"uv": [11, 11, 10, 10], "texture": "#1"},
				"down": {"uv": [4, 11, 3, 12], "texture": "#1"}
			}
		},
		{
			"from": [2.15, 0.15, 0],
			"to": [2.85, 0.85, 16],
			"faces": {
				"north": {"uv": [14.5, 12.5, 15, 13], "texture": "#1"},
				"east": {"uv": [7, 3, 15, 3.5], "texture": "#1"},
				"south": {"uv": [13, 14.5, 13.5, 15], "texture": "#1"},
				"west": {"uv": [7, 3.5, 15, 4], "texture": "#1"},
				"up": {"uv": [1.5, 15, 1, 7], "texture": "#1"},
				"down": {"uv": [2, 7, 1.5, 15], "texture": "#1"}
			}
		},
		{
			"from": [13.15, 0.15, 0],
			"to": [13.85, 0.85, 16],
			"faces": {
				"north": {"uv": [14.5, 13, 15, 13.5], "texture": "#1"},
				"east": {"uv": [7, 4, 15, 4.5], "texture": "#1"},
				"south": {"uv": [13.5, 14.5, 14, 15], "texture": "#1"},
				"west": {"uv": [7, 4.5, 15, 5], "texture": "#1"},
				"up": {"uv": [2.5, 15, 2, 7], "texture": "#1"},
				"down": {"uv": [3, 7, 2.5, 15], "texture": "#1"}
			}
		}
	],
	"gui_light": "front",
	"display": {
		"thirdperson_righthand": {
			"rotation": [90, 0, 0],
			"translation": [0, 2.25, 4.5],
			"scale": [0.6, 0.6, 0.6]
		},
		"thirdperson_lefthand": {
			"rotation": [90, 0, 0],
			"translation": [0, 2.25, 4.5],
			"scale": [0.6, 0.6, 0.6]
		},
		"firstperson_righthand": {
			"rotation": [50, 0, 75],
			"translation": [3, 0.5, -6]
		},
		"firstperson_lefthand": {
			"rotation": [50, 0, 75],
			"translation": [3, 0.5, -6]
		},
		"ground": {
			"translation": [0, 2.5, 0],
			"scale": [0.5, 0.5, 0.5]
		},
		"gui": {
			"rotation": [90, 0, 0]
		},
		"head": {
			"rotation": [90, 0, 0],
			"translation": [0, 0, 14.5]
		},
		"fixed": {
			"rotation": [-90, 0, 0],
			"translation": [0, 0, -8]
		}
	},
	"groups": [
		{
			"name": "rail",
			"origin": [8, 8, 8],
			"color": 0,
			"children": [0, 1]
		},
		{
			"name": "steps",
			"origin": [8, 8, 8],
			"color": 0,
			"children": [2, 3, 4, 5]
		},
		{
			"name": "brakes",
			"origin": [8, 8, 8],
			"color": 0,
			"children": [
				{
					"name": "left_top",
					"origin": [8, 8, 8],
					"color": 0,
					"children": [6, 7]
				},
				{
					"name": "left_bottom",
					"origin": [8, 8, 8],
					"color": 0,
					"children": [8, 9]
				},
				{
					"name": "right_top",
					"origin": [8, 8, 8],
					"color": 0,
					"children": [10, 11]
				},
				{
					"name": "right_bottom",
					"origin": [8, 8, 8],
					"color": 0,
					"children": [12, 13]
				}
			]
		},
		{
			"name": "redstone",
			"origin": [8, 8, 8],
			"color": 0,
			"children": [14, 15, 16, 17, 18, 19, 20, 21, 22, 23, 24, 25, 26, 27, 28]
		},
		{
			"name": "extras",
			"origin": [8, 8, 8],
			"color": 0,
			"children": [29, 30]
		}
	]
}