{
	"credit": "Made with Blockbench",
	"texture_size": [32, 32],
	"textures": {
		"2": "moreminecarts:block/rays_locking_rail_inverted_off",
		"particle": "moreminecarts:block/rays_locking_rail_inverted_off"
	},
	"elements": [
		{
			"from": [12, 1, 0],
			"to": [13, 2, 16],
			"faces": {
				"north": {"uv": [9.5, 4, 10, 4.5], "texture": "#2"},
				"east": {"uv": [0, 4, 8, 4.5], "texture": "#2"},
				"south": {"uv": [9.5, 4.5, 10, 5], "texture": "#2"},
				"west": {"uv": [0, 4.5, 8, 5], "texture": "#2"},
				"up": {"uv": [0.5, 13, 0, 5], "texture": "#2"},
				"down": {"uv": [1, 5, 0.5, 13], "texture": "#2"}
			}
		},
		{
			"from": [3, 1, 0],
			"to": [4, 2, 16],
			"faces": {
				"north": {"uv": [9.5, 6.5, 10, 7], "texture": "#2"},
				"east": {"uv": [1, 5, 9, 5.5], "texture": "#2"},
				"south": {"uv": [7, 9.5, 7.5, 10], "texture": "#2"},
				"west": {"uv": [1, 5.5, 9, 6], "texture": "#2"},
				"up": {"uv": [1.5, 14, 1, 6], "texture": "#2"},
				"down": {"uv": [2, 6, 1.5, 14], "texture": "#2"}
			}
		},
		{
			"from": [2, 0, 3],
			"to": [14, 1, 5],
			"faces": {
				"north": {"uv": [6, 2, 12, 2.5], "texture": "#2"},
				"east": {"uv": [9, 7, 10, 7.5], "texture": "#2"},
				"south": {"uv": [6, 2.5, 12, 3], "texture": "#2"},
				"west": {"uv": [9, 8.5, 10, 9], "texture": "#2"},
				"up": {"uv": [6, 1, 0, 0], "texture": "#2"},
				"down": {"uv": [6, 1, 0, 2], "texture": "#2"}
			}
		},
		{
			"from": [2, 0, 11],
			"to": [14, 1, 13],
			"faces": {
				"north": {"uv": [6, 3, 12, 3.5], "texture": "#2"},
				"east": {"uv": [9, 9, 10, 9.5], "texture": "#2"},
				"south": {"uv": [6, 3.5, 12, 4], "texture": "#2"},
				"west": {"uv": [4, 9.5, 5, 10], "texture": "#2"},
				"up": {"uv": [6, 3, 0, 2], "texture": "#2"},
				"down": {"uv": [6, 3, 0, 4], "texture": "#2"}
			}
		},
		{
			"from": [2.15, 0.15, 0],
			"to": [2.85, 0.85, 16],
			"faces": {
				"north": {"uv": [7.5, 9.5, 8, 10], "texture": "#2"},
				"east": {"uv": [6, 0, 14, 0.5], "texture": "#2"},
				"south": {"uv": [9.5, 8, 10, 8.5], "texture": "#2"},
				"west": {"uv": [6, 0.5, 14, 1], "texture": "#2"},
				"up": {"uv": [2.5, 14, 2, 6], "texture": "#2"},
				"down": {"uv": [3, 6, 2.5, 14], "texture": "#2"}
			}
		},
		{
			"from": [13.15, 0.15, 0],
			"to": [13.85, 0.85, 16],
			"faces": {
				"north": {"uv": [9, 9.5, 9.5, 10], "texture": "#2"},
				"east": {"uv": [6, 1, 14, 1.5], "texture": "#2"},
				"south": {"uv": [9.5, 9.5, 10, 10], "texture": "#2"},
				"west": {"uv": [6, 1.5, 14, 2], "texture": "#2"},
				"up": {"uv": [3.5, 14, 3, 6], "texture": "#2"},
				"down": {"uv": [4, 6, 3.5, 14], "texture": "#2"}
			}
		},
		{
			"from": [2.8, 1, 2],
			"to": [3, 2, 5],
			"faces": {
				"north": {"uv": [4, 10, 4.5, 10.5], "texture": "#2"},
				"east": {"uv": [4, 6, 5.5, 6.5], "texture": "#2"},
				"south": {"uv": [10, 4, 10.5, 4.5], "texture": "#2"},
				"west": {"uv": [5.5, 6, 7, 6.5], "texture": "#2"},
				"up": {"uv": [4.5, 8, 4, 6.5], "texture": "#2"},
				"down": {"uv": [5, 6.5, 4.5, 8], "texture": "#2"}
			}
		},
		{
			"from": [4, 1, 2],
			"to": [4.2, 2, 5],
			"faces": {
				"north": {"uv": [4.5, 10, 5, 10.5], "texture": "#2"},
				"east": {"uv": [5, 6.5, 6.5, 7], "texture": "#2"},
				"south": {"uv": [10, 4.5, 10.5, 5], "texture": "#2"},
				"west": {"uv": [6.5, 6.5, 8, 7], "texture": "#2"},
				"up": {"uv": [5.5, 8.5, 5, 7], "texture": "#2"},
				"down": {"uv": [6, 7, 5.5, 8.5], "texture": "#2"}
			}
		},
		{
			"from": [4, 1, 11],
			"to": [4.2, 2, 14],
			"faces": {
				"north": {"uv": [5, 10, 5.5, 10.5], "texture": "#2"},
				"east": {"uv": [6, 7, 7.5, 7.5], "texture": "#2"},
				"south": {"uv": [5.5, 10, 6, 10.5], "texture": "#2"},
				"west": {"uv": [7, 6, 8.5, 6.5], "texture": "#2"},
				"up": {"uv": [6.5, 9, 6, 7.5], "texture": "#2"},
				"down": {"uv": [7, 7.5, 6.5, 9], "texture": "#2"}
			}
		},
		{
			"from": [2.8, 1, 11],
			"to": [3, 2, 14],
			"faces": {
				"north": {"uv": [10, 6, 10.5, 6.5], "texture": "#2"},
				"east": {"uv": [7, 7.5, 8.5, 8], "texture": "#2"},
				"south": {"uv": [10, 6.5, 10.5, 7], "texture": "#2"},
				"west": {"uv": [7.5, 7, 9, 7.5], "texture": "#2"},
				"up": {"uv": [4.5, 9.5, 4, 8], "texture": "#2"},
				"down": {"uv": [5, 8, 4.5, 9.5], "texture": "#2"}
			}
		},
		{
			"from": [13, 1, 2],
			"to": [13.2, 2, 5],
			"faces": {
				"north": {"uv": [8, 10, 8.5, 10.5], "texture": "#2"},
				"east": {"uv": [8.5, 6, 10, 6.5], "texture": "#2"},
				"south": {"uv": [10, 8, 10.5, 8.5], "texture": "#2"},
				"west": {"uv": [8.5, 7.5, 10, 8], "texture": "#2"},
				"up": {"uv": [8.5, 10, 8, 8.5], "texture": "#2"},
				"down": {"uv": [9, 8.5, 8.5, 10], "texture": "#2"}
			}
		},
		{
			"from": [11.8, 1, 2],
			"to": [12, 2, 5],
			"faces": {
				"north": {"uv": [8.5, 10, 9, 10.5], "texture": "#2"},
				"east": {"uv": [9, 5, 10.5, 5.5], "texture": "#2"},
				"south": {"uv": [10, 8.5, 10.5, 9], "texture": "#2"},
				"west": {"uv": [9, 5.5, 10.5, 6], "texture": "#2"},
				"up": {"uv": [6.5, 10.5, 6, 9], "texture": "#2"},
				"down": {"uv": [7, 9, 6.5, 10.5], "texture": "#2"}
			}
		},
		{
			"from": [13, 1, 11],
			"to": [13.2, 2, 14],
			"faces": {
				"north": {"uv": [7, 10, 7.5, 10.5], "texture": "#2"},
				"east": {"uv": [8, 4, 9.5, 4.5], "texture": "#2"},
				"south": {"uv": [10, 7, 10.5, 7.5], "texture": "#2"},
				"west": {"uv": [8, 4.5, 9.5, 5], "texture": "#2"},
				"up": {"uv": [7.5, 9.5, 7, 8], "texture": "#2"},
				"down": {"uv": [8, 8, 7.5, 9.5], "texture": "#2"}
			}
		},
		{
			"from": [11.8, 1, 11],
			"to": [12, 2, 14],
			"faces": {
				"north": {"uv": [7.5, 10, 8, 10.5], "texture": "#2"},
				"east": {"uv": [8, 6.5, 9.5, 7], "texture": "#2"},
				"south": {"uv": [10, 7.5, 10.5, 8], "texture": "#2"},
				"west": {"uv": [8, 8, 9.5, 8.5], "texture": "#2"},
				"up": {"uv": [5.5, 10, 5, 8.5], "texture": "#2"},
				"down": {"uv": [6, 8.5, 5.5, 10], "texture": "#2"}
			}
		}
	],
	"display": {
		"ground": {
			"translation": [0, 2.5, 0],
			"scale": [0.5, 0.5, 0.5]
		}
	},
	"groups": [
		{
			"name": "rail",
			"origin": [8, 8, 8],
			"color": 0,
			"children": [0, 1]
		},
		{
			"name": "steps",
			"origin": [8, 8, 8],
			"color": 0,
			"children": [2, 3]
		},
		{
			"name": "extras",
			"origin": [8, 8, 8],
			"color": 0,
			"children": [4, 5]
		},
		{
			"name": "brakes",
			"origin": [8, 8, 8],
			"color": 0,
			"children": [
				{
					"name": "left_top",
					"origin": [8, 8, 8],
					"color": 0,
					"children": [6, 7]
				},
				{
					"name": "left_bottom",
					"origin": [8, 8, 8],
					"color": 0,
					"children": [8, 9]
				},
				{
					"name": "right_top",
					"origin": [8, 8, 8],
					"color": 0,
					"children": [10, 11]
				},
				{
					"name": "right_bottom",
					"origin": [8, 8, 8],
					"color": 0,
					"children": [12, 13]
				}
			]
		}
	]
}