{
	"credit": "Made with Blockbench",
	"render_type": "translucent",
	"texture_size": [32, 32],
	"textures": {
		"0": "moreminecarts:block/rays_maglev_hologram_rail",
		"particle": "moreminecarts:block/rays_maglev_hologram_rail"
	},
	"elements": [
		{
			"from": [3, 1, 0],
			"to": [4, 2, 16],
			"faces": {
				"north": {"uv": [2, 2, 2.5, 2.5], "texture": "#0"},
				"east": {"uv": [0, 0, 8, 0.5], "texture": "#0"},
				"south": {"uv": [2, 2.5, 2.5, 3], "texture": "#0"},
				"west": {"uv": [0, 0.5, 8, 1], "texture": "#0"},
				"up": {"uv": [0.5, 9, 0, 1], "texture": "#0"},
				"down": {"uv": [1, 1, 0.5, 9], "texture": "#0"}
			}
		},
		{
			"from": [12, 1, 0],
			"to": [13, 2, 16],
			"faces": {
				"north": {"uv": [2.5, 2, 3, 2.5], "texture": "#0"},
				"east": {"uv": [1, 1, 9, 1.5], "texture": "#0"},
				"south": {"uv": [2.5, 2.5, 3, 3], "texture": "#0"},
				"west": {"uv": [1, 1.5, 9, 2], "texture": "#0"},
				"up": {"uv": [1.5, 10, 1, 2], "texture": "#0"},
				"down": {"uv": [2, 2, 1.5, 10], "texture": "#0"}
			}
		}
	],
	"groups": [
		{
			"name": "rail",
			"origin": [8, 8, 8],
			"color": 0,
			"children": [0, 1]
		}
	]
}