{
	"credit": "Made with Blockbench, by xR4YM0ND",
	"texture_size": [32, 32],
	"textures": {
		"0": "moreminecarts:block/rays_wooden_projector_rail",
		"particle": "moreminecarts:block/rays_wooden_projector_rail"
	},
	"elements": [
		{
			"from": [3, 1, 0],
			"to": [4, 2, 16],
			"faces": {
				"north": {"uv": [11, 12, 11.5, 12.5], "texture": "#0"},
				"east": {"uv": [0, 6, 8, 6.5], "texture": "#0"},
				"south": {"uv": [12, 11, 12.5, 11.5], "texture": "#0"},
				"west": {"uv": [6, 0, 14, 0.5], "texture": "#0"},
				"up": {"uv": [0.5, 14.5, 0, 6.5], "texture": "#0"},
				"down": {"uv": [1, 6.5, 0.5, 14.5], "texture": "#0"}
			}
		},
		{
			"from": [12, 1, 0],
			"to": [13, 2, 16],
			"faces": {
				"north": {"uv": [11.5, 12, 12, 12.5], "texture": "#0"},
				"east": {"uv": [6, 0.5, 14, 1], "texture": "#0"},
				"south": {"uv": [12, 12, 12.5, 12.5], "texture": "#0"},
				"west": {"uv": [6, 1, 14, 1.5], "texture": "#0"},
				"up": {"uv": [1.5, 14.5, 1, 6.5], "texture": "#0"},
				"down": {"uv": [2, 6.5, 1.5, 14.5], "texture": "#0"}
			}
		},
		{
			"from": [2, 0, 1],
			"to": [14, 1, 4],
			"faces": {
				"north": {"uv": [6, 5, 12, 5.5], "texture": "#0"},
				"east": {"uv": [11, 3.5, 12.5, 4], "texture": "#0"},
				"south": {"uv": [6, 5.5, 12, 6], "texture": "#0"},
				"west": {"uv": [11, 4, 12.5, 4.5], "texture": "#0"},
				"up": {"uv": [6, 1.5, 0, 0], "texture": "#0"},
				"down": {"uv": [6, 1.5, 0, 3], "texture": "#0"}
			}
		},
		{
			"from": [2, 0, 6],
			"to": [7, 1, 9],
			"faces": {
				"north": {"uv": [8.5, 3.5, 11, 4], "texture": "#0"},
				"east": {"uv": [11, 4.5, 12.5, 5], "texture": "#0"},
				"south": {"uv": [8.5, 4, 11, 4.5], "texture": "#0"},
				"west": {"uv": [6.5, 11, 8, 11.5], "texture": "#0"},
				"up": {"uv": [8.5, 5, 6, 3.5], "texture": "#0"},
				"down": {"uv": [6.5, 6.5, 4, 8], "texture": "#0"}
			}
		},
		{
			"from": [9, 0, 7],
			"to": [14, 1, 10],
			"faces": {
				"north": {"uv": [8.5, 4.5, 11, 5], "texture": "#0"},
				"east": {"uv": [12, 5.5, 13.5, 6], "texture": "#0"},
				"south": {"uv": [8.5, 8.5, 11, 9], "texture": "#0"},
				"west": {"uv": [12, 9, 13.5, 9.5], "texture": "#0"},
				"up": {"uv": [9, 8, 6.5, 6.5], "texture": "#0"},
				"down": {"uv": [6.5, 8, 4, 9.5], "texture": "#0"}
			}
		},
		{
			"from": [7, 0, 6],
			"to": [9, 1, 10],
			"faces": {
				"north": {"uv": [7.5, 12, 8.5, 12.5], "texture": "#0"},
				"east": {"uv": [10.5, 10, 12.5, 10.5], "texture": "#0"},
				"south": {"uv": [10, 12, 11, 12.5], "texture": "#0"},
				"west": {"uv": [10.5, 10.5, 12.5, 11], "texture": "#0"},
				"up": {"uv": [7.5, 10.5, 6.5, 8.5], "texture": "#0"},
				"down": {"uv": [8.5, 8.5, 7.5, 10.5], "texture": "#0"}
			}
		},
		{
			"from": [2, 0, 12],
			"to": [14, 1, 15],
			"faces": {
				"north": {"uv": [8, 6, 14, 6.5], "texture": "#0"},
				"east": {"uv": [11, 6.5, 12.5, 7], "texture": "#0"},
				"south": {"uv": [6.5, 8, 12.5, 8.5], "texture": "#0"},
				"west": {"uv": [11, 7, 12.5, 7.5], "texture": "#0"},
				"up": {"uv": [6, 4.5, 0, 3], "texture": "#0"},
				"down": {"uv": [6, 4.5, 0, 6], "texture": "#0"}
			}
		},
		{
			"from": [2.15, 0.15, 0],
			"to": [2.85, 0.85, 16],
			"faces": {
				"north": {"uv": [12.5, 3.5, 13, 4], "texture": "#0"},
				"east": {"uv": [6, 1.5, 14, 2], "texture": "#0"},
				"south": {"uv": [4, 12.5, 4.5, 13], "texture": "#0"},
				"west": {"uv": [6, 2, 14, 2.5], "texture": "#0"},
				"up": {"uv": [2.5, 14.5, 2, 6.5], "texture": "#0"},
				"down": {"uv": [3, 6.5, 2.5, 14.5], "texture": "#0"}
			}
		},
		{
			"from": [13.15, 0.15, 0],
			"to": [13.85, 0.85, 16],
			"faces": {
				"north": {"uv": [12.5, 4, 13, 4.5], "texture": "#0"},
				"east": {"uv": [6, 2.5, 14, 3], "texture": "#0"},
				"south": {"uv": [4.5, 12.5, 5, 13], "texture": "#0"},
				"west": {"uv": [6, 3, 14, 3.5], "texture": "#0"},
				"up": {"uv": [3.5, 14.5, 3, 6.5], "texture": "#0"},
				"down": {"uv": [4, 6.5, 3.5, 14.5], "texture": "#0"}
			}
		},
		{
			"from": [4, 1, 2],
			"to": [5, 1.1, 6],
			"faces": {
				"north": {"uv": [12.5, 4.5, 13, 5], "texture": "#0"},
				"east": {"uv": [9, 6.5, 11, 7], "texture": "#0"},
				"south": {"uv": [5, 12.5, 5.5, 13], "texture": "#0"},
				"west": {"uv": [9, 7, 11, 7.5], "texture": "#0"},
				"up": {"uv": [9, 11, 8.5, 9], "texture": "#0"},
				"down": {"uv": [9.5, 9, 9, 11], "texture": "#0"}
			}
		},
		{
			"from": [4, 1, 6],
			"to": [5, 1.7, 9],
			"faces": {
				"north": {"uv": [12.5, 6.5, 13, 7], "texture": "#0"},
				"east": {"uv": [11, 7.5, 12.5, 8], "texture": "#0"},
				"south": {"uv": [12.5, 7, 13, 7.5], "texture": "#0"},
				"west": {"uv": [8, 11, 9.5, 11.5], "texture": "#0"},
				"up": {"uv": [6, 12, 5.5, 10.5], "texture": "#0"},
				"down": {"uv": [10, 11, 9.5, 12.5], "texture": "#0"}
			}
		},
		{
			"from": [11, 1, 7],
			"to": [12, 1.7, 10],
			"faces": {
				"north": {"uv": [7.5, 12.5, 8, 13], "texture": "#0"},
				"east": {"uv": [11, 8.5, 12.5, 9], "texture": "#0"},
				"south": {"uv": [12.5, 7.5, 13, 8], "texture": "#0"},
				"west": {"uv": [10.5, 11, 12, 11.5], "texture": "#0"},
				"up": {"uv": [6.5, 13, 6, 11.5], "texture": "#0"},
				"down": {"uv": [7, 11.5, 6.5, 13], "texture": "#0"}
			}
		},
		{
			"from": [4, 1, 9],
			"to": [5, 1.1, 13],
			"faces": {
				"north": {"uv": [8, 12.5, 8.5, 13], "texture": "#0"},
				"east": {"uv": [9, 7.5, 11, 8], "texture": "#0"},
				"south": {"uv": [12.5, 8, 13, 8.5], "texture": "#0"},
				"west": {"uv": [4, 9.5, 6, 10], "texture": "#0"},
				"up": {"uv": [6.5, 11.5, 6, 9.5], "texture": "#0"},
				"down": {"uv": [10, 9, 9.5, 11], "texture": "#0"}
			}
		},
		{
			"from": [11, 1, 3],
			"to": [12, 1.1, 7],
			"faces": {
				"north": {"uv": [12.5, 8.5, 13, 9], "texture": "#0"},
				"east": {"uv": [4, 10, 6, 10.5], "texture": "#0"},
				"south": {"uv": [9.5, 12.5, 10, 13], "texture": "#0"},
				"west": {"uv": [10, 9, 12, 9.5], "texture": "#0"},
				"up": {"uv": [10.5, 11.5, 10, 9.5], "texture": "#0"},
				"down": {"uv": [4.5, 10.5, 4, 12.5], "texture": "#0"}
			}
		},
		{
			"from": [11, 1, 10],
			"to": [12, 1.1, 14],
			"faces": {
				"north": {"uv": [12.5, 9.5, 13, 10], "texture": "#0"},
				"east": {"uv": [6.5, 10.5, 8.5, 11], "texture": "#0"},
				"south": {"uv": [10, 12.5, 10.5, 13], "texture": "#0"},
				"west": {"uv": [10.5, 9.5, 12.5, 10], "texture": "#0"},
				"up": {"uv": [5, 12.5, 4.5, 10.5], "texture": "#0"},
				"down": {"uv": [5.5, 10.5, 5, 12.5], "texture": "#0"}
			}
		},
		{
			"from": [3, 0, 0.5],
			"to": [4, 1, 1],
			"faces": {
				"north": {"uv": [12.5, 10, 13, 10.5], "texture": "#0"},
				"east": {"uv": [10.5, 12.5, 11, 13], "texture": "#0"},
				"south": {"uv": [12.5, 10.5, 13, 11], "texture": "#0"},
				"west": {"uv": [11, 12.5, 11.5, 13], "texture": "#0"},
				"up": {"uv": [13, 11.5, 12.5, 11], "texture": "#0"},
				"down": {"uv": [12, 12.5, 11.5, 13], "texture": "#0"}
			}
		},
		{
			"from": [12, 0, 0.5],
			"to": [13, 1, 1],
			"faces": {
				"north": {"uv": [12, 12.5, 12.5, 13], "texture": "#0"},
				"east": {"uv": [12.5, 12, 13, 12.5], "texture": "#0"},
				"south": {"uv": [12.5, 12.5, 13, 13], "texture": "#0"},
				"west": {"uv": [13, 3.5, 13.5, 4], "texture": "#0"},
				"up": {"uv": [4.5, 13.5, 4, 13], "texture": "#0"},
				"down": {"uv": [13.5, 4, 13, 4.5], "texture": "#0"}
			}
		},
		{
			"from": [5, 1, 6],
			"to": [6, 1.1, 9],
			"faces": {
				"north": {"uv": [4.5, 13, 5, 13.5], "texture": "#0"},
				"east": {"uv": [7, 11.5, 8.5, 12], "texture": "#0"},
				"south": {"uv": [13, 4.5, 13.5, 5], "texture": "#0"},
				"west": {"uv": [10, 11.5, 11.5, 12], "texture": "#0"},
				"up": {"uv": [9, 13, 8.5, 11.5], "texture": "#0"},
				"down": {"uv": [9.5, 11.5, 9, 13], "texture": "#0"}
			}
		},
		{
			"from": [10, 1, 7],
			"to": [11, 1.1, 10],
			"faces": {
				"north": {"uv": [5, 13, 5.5, 13.5], "texture": "#0"},
				"east": {"uv": [11.5, 11.5, 13, 12], "texture": "#0"},
				"south": {"uv": [6, 13, 6.5, 13.5], "texture": "#0"},
				"west": {"uv": [12, 5, 13.5, 5.5], "texture": "#0"},
				"up": {"uv": [6, 13.5, 5.5, 12], "texture": "#0"},
				"down": {"uv": [7.5, 12, 7, 13.5], "texture": "#0"}
			}
		}
	],
	"gui_light": "front",
	"display": {
		"thirdperson_righthand": {
			"rotation": [90, 0, 0],
			"translation": [0, 2.25, 4.5],
			"scale": [0.6, 0.6, 0.6]
		},
		"thirdperson_lefthand": {
			"rotation": [90, 0, 0],
			"translation": [0, 2.25, 4.5],
			"scale": [0.6, 0.6, 0.6]
		},
		"firstperson_righthand": {
			"rotation": [50, 0, 75],
			"translation": [3, 0.5, -6]
		},
		"firstperson_lefthand": {
			"rotation": [50, 0, 75],
			"translation": [3, 0.5, -6]
		},
		"ground": {
			"translation": [0, 2.5, 0],
			"scale": [0.5, 0.5, 0.5]
		},
		"gui": {
			"rotation": [90, 0, 0]
		},
		"head": {
			"rotation": [90, 0, 0],
			"translation": [0, 0, 14.5]
		},
		"fixed": {
			"rotation": [-90, 0, 0],
			"translation": [0, 0, -8]
		}
	},
	"groups": [
		{
			"name": "rail",
			"origin": [8, 8, 8],
			"color": 0,
			"children": [0, 1]
		},
		{
			"name": "steps",
			"origin": [8, 8, 8],
			"color": 0,
			"children": [2, 3, 4, 5, 6]
		},
		{
			"name": "extras",
			"origin": [8, 8, 8],
			"color": 0,
			"children": [7, 8, 9, 10, 11, 12, 13, 14, 15, 16, 17, 18]
		}
	]
}