{
	"credit": "Made with Blockbench, by xR4YM0ND",
	"render_type": "cutout",
	"texture_size": [32, 32],
	"textures": {
		"1": "betterminecarts:block/rays_dead_end",
		"particle": "betterminecarts:block/rays_dead_end"
	},
	"elements": [
		{
			"from": [3, 1, 0],
			"to": [4, 2, 16],
			"faces": {
				"north": {"uv": [13, 9.5, 13.5, 10], "texture": "#1"},
				"east": {"uv": [6, 3, 14, 3.5], "texture": "#1"},
				"south": {"uv": [10, 13, 10.5, 13.5], "texture": "#1"},
				"west": {"uv": [6, 3.5, 14, 4], "texture": "#1"},
				"up": {"uv": [6.5, 12, 6, 4], "texture": "#1"},
				"down": {"uv": [7, 4, 6.5, 12], "texture": "#1"}
			}
		},
		{
			"from": [12, 1, 0],
			"to": [13, 2, 16],
			"faces": {
				"north": {"uv": [10.5, 13, 11, 13.5], "texture": "#1"},
				"east": {"uv": [7, 4, 15, 4.5], "texture": "#1"},
				"south": {"uv": [11, 13, 11.5, 13.5], "texture": "#1"},
				"west": {"uv": [7, 4.5, 15, 5], "texture": "#1"},
				"up": {"uv": [0.5, 15, 0, 7], "texture": "#1"},
				"down": {"uv": [1, 7, 0.5, 15], "texture": "#1"}
			}
		},
		{
			"from": [2, 0, 1],
			"to": [14, 1, 3],
			"faces": {
				"north": {"uv": [7, 5, 13, 5.5], "texture": "#1"},
				"east": {"uv": [1.5, 13, 2.5, 13.5], "texture": "#1"},
				"south": {"uv": [7, 5.5, 13, 6], "texture": "#1"},
				"west": {"uv": [2.5, 13, 3.5, 13.5], "texture": "#1"},
				"up": {"uv": [6, 1, 0, 0], "texture": "#1"},
				"down": {"uv": [6, 1, 0, 2], "texture": "#1"}
			}
		},
		{
			"from": [2, 0, 5],
			"to": [14, 1, 7],
			"faces": {
				"north": {"uv": [7, 6, 13, 6.5], "texture": "#1"},
				"east": {"uv": [3.5, 13, 4.5, 13.5], "texture": "#1"},
				"south": {"uv": [7, 6.5, 13, 7], "texture": "#1"},
				"west": {"uv": [13, 5, 14, 5.5], "texture": "#1"},
				"up": {"uv": [6, 3, 0, 2], "texture": "#1"},
				"down": {"uv": [6, 3, 0, 4], "texture": "#1"}
			}
		},
		{
			"from": [2, 0, 9],
			"to": [14, 1, 11],
			"faces": {
				"north": {"uv": [7, 7, 13, 7.5], "texture": "#1"},
				"east": {"uv": [13, 5.5, 14, 6], "texture": "#1"},
				"south": {"uv": [7, 7.5, 13, 8], "texture": "#1"},
				"west": {"uv": [13, 6, 14, 6.5], "texture": "#1"},
				"up": {"uv": [6, 5, 0, 4], "texture": "#1"},
				"down": {"uv": [6, 5, 0, 6], "texture": "#1"}
			}
		},
		{
			"from": [2, 0, 13],
			"to": [14, 1, 15],
			"faces": {
				"north": {"uv": [7, 8, 13, 8.5], "texture": "#1"},
				"east": {"uv": [13, 6.5, 14, 7], "texture": "#1"},
				"south": {"uv": [7, 8.5, 13, 9], "texture": "#1"},
				"west": {"uv": [13, 7, 14, 7.5], "texture": "#1"},
				"up": {"uv": [6, 7, 0, 6], "texture": "#1"},
				"down": {"uv": [12, 0, 6, 1], "texture": "#1"}
			}
		},
		{
			"from": [2.9, 1.5, 2],
			"to": [3, 2.5, 5],
			"faces": {
				"north": {"uv": [13.5, 0.5, 14, 1], "texture": "#1"},
				"east": {"uv": [10, 10, 11.5, 10.5], "texture": "#1"},
				"south": {"uv": [13.5, 1, 14, 1.5], "texture": "#1"},
				"west": {"uv": [10, 10.5, 11.5, 11], "texture": "#1"},
				"up": {"uv": [5.5, 12.5, 5, 11], "texture": "#1"},
				"down": {"uv": [6, 11, 5.5, 12.5], "texture": "#1"}
			}
		},
		{
			"from": [4, 1.5, 2],
			"to": [4.1, 2.5, 5],
			"faces": {
				"north": {"uv": [2, 13.5, 2.5, 14], "texture": "#1"},
				"east": {"uv": [12, 0, 13.5, 0.5], "texture": "#1"},
				"south": {"uv": [13.5, 2, 14, 2.5], "texture": "#1"},
				"west": {"uv": [12, 0.5, 13.5, 1], "texture": "#1"},
				"up": {"uv": [12.5, 2.5, 12, 1], "texture": "#1"},
				"down": {"uv": [6.5, 12, 6, 13.5], "texture": "#1"}
			}
		},
		{
			"from": [2.9, 1.5, 9.25],
			"to": [3, 2.5, 12.25],
			"faces": {
				"north": {"uv": [1.5, 13.5, 2, 14], "texture": "#1"},
				"east": {"uv": [10, 11, 11.5, 11.5], "texture": "#1"},
				"south": {"uv": [13.5, 1.5, 14, 2], "texture": "#1"},
				"west": {"uv": [10, 11.5, 11.5, 12], "texture": "#1"},
				"up": {"uv": [12, 11.5, 11.5, 10], "texture": "#1"},
				"down": {"uv": [12, 11.5, 11.5, 13], "texture": "#1"}
			}
		},
		{
			"from": [4, 1.5, 9.25],
			"to": [4.1, 2.5, 12.25],
			"faces": {
				"north": {"uv": [2.5, 13.5, 3, 14], "texture": "#1"},
				"east": {"uv": [12, 2.5, 13.5, 3], "texture": "#1"},
				"south": {"uv": [13.5, 2.5, 14, 3], "texture": "#1"},
				"west": {"uv": [10, 12, 11.5, 12.5], "texture": "#1"},
				"up": {"uv": [7, 13.5, 6.5, 12], "texture": "#1"},
				"down": {"uv": [12.5, 10, 12, 11.5], "texture": "#1"}
			}
		},
		{
			"from": [3.002, -7, 8.9],
			"to": [3.998, 4.242, 9.9],
			"rotation": {"angle": -45, "axis": "x", "origin": [0, 0, 0]},
			"faces": {
				"north": {"uv": [1, 7, 1.5, 12.5], "texture": "#1"},
				"east": {"uv": [1.5, 7, 2, 12.5], "texture": "#1"},
				"south": {"uv": [2, 7, 2.5, 12.5], "texture": "#1"},
				"west": {"uv": [2.5, 7, 3, 12.5], "texture": "#1"},
				"up": {"uv": [12, 13.5, 11.5, 13], "texture": "#1"},
				"down": {"uv": [13.5, 12.5, 13, 13], "texture": "#1"}
			}
		},
		{
			"from": [3, 2, 3],
			"to": [4, 10, 4],
			"faces": {
				"north": {"uv": [5, 7, 5.5, 11], "texture": "#1"},
				"east": {"uv": [5.5, 7, 6, 11], "texture": "#1"},
				"south": {"uv": [7, 10, 7.5, 14], "texture": "#1"},
				"west": {"uv": [7.5, 10, 8, 14], "texture": "#1"},
				"up": {"uv": [13.5, 13.5, 13, 13], "texture": "#1"},
				"down": {"uv": [14, 0, 13.5, 0.5], "texture": "#1"}
			}
		},
		{
			"from": [3, 2, 2],
			"to": [4, 2.5, 3],
			"faces": {
				"north": {"uv": [3, 13.5, 3.5, 14], "texture": "#1"},
				"east": {"uv": [3.5, 13.5, 4, 14], "texture": "#1"},
				"south": {"uv": [4, 13.5, 4.5, 14], "texture": "#1"},
				"west": {"uv": [6, 13.5, 6.5, 14], "texture": "#1"},
				"up": {"uv": [7, 14, 6.5, 13.5], "texture": "#1"},
				"down": {"uv": [14, 7.5, 13.5, 8], "texture": "#1"}
			}
		},
		{
			"from": [3, 2, 4],
			"to": [4, 2.5, 5],
			"faces": {
				"north": {"uv": [13.5, 8, 14, 8.5], "texture": "#1"},
				"east": {"uv": [13.5, 8.5, 14, 9], "texture": "#1"},
				"south": {"uv": [13.5, 9, 14, 9.5], "texture": "#1"},
				"west": {"uv": [13.5, 9.5, 14, 10], "texture": "#1"},
				"up": {"uv": [10.5, 14, 10, 13.5], "texture": "#1"},
				"down": {"uv": [11, 13.5, 10.5, 14], "texture": "#1"}
			}
		},
		{
			"from": [3, 2, 9.25],
			"to": [4, 2.5, 10.25],
			"faces": {
				"north": {"uv": [11, 13.5, 11.5, 14], "texture": "#1"},
				"east": {"uv": [11.5, 13.5, 12, 14], "texture": "#1"},
				"south": {"uv": [13.5, 11.5, 14, 12], "texture": "#1"},
				"west": {"uv": [13.5, 12, 14, 12.5], "texture": "#1"},
				"up": {"uv": [14, 13, 13.5, 12.5], "texture": "#1"},
				"down": {"uv": [13.5, 13.5, 13, 14], "texture": "#1"}
			}
		},
		{
			"from": [3, 2, 11.25],
			"to": [4, 2.5, 12.25],
			"faces": {
				"north": {"uv": [13.5, 13, 14, 13.5], "texture": "#1"},
				"east": {"uv": [13.5, 13.5, 14, 14], "texture": "#1"},
				"south": {"uv": [14, 0, 14.5, 0.5], "texture": "#1"},
				"west": {"uv": [14, 0.5, 14.5, 1], "texture": "#1"},
				"up": {"uv": [1.5, 14.5, 1, 14], "texture": "#1"},
				"down": {"uv": [14.5, 1, 14, 1.5], "texture": "#1"}
			}
		},
		{
			"from": [11.9, 1.5, 2],
			"to": [12, 2.5, 5],
			"rotation": {"angle": 0, "axis": "y", "origin": [9, 0, 0]},
			"faces": {
				"north": {"uv": [1.5, 14, 2, 14.5], "texture": "#1"},
				"east": {"uv": [12, 11.5, 13.5, 12], "texture": "#1"},
				"south": {"uv": [14, 1.5, 14.5, 2], "texture": "#1"},
				"west": {"uv": [12, 12, 13.5, 12.5], "texture": "#1"},
				"up": {"uv": [1.5, 14, 1, 12.5], "texture": "#1"},
				"down": {"uv": [13, 1, 12.5, 2.5], "texture": "#1"}
			}
		},
		{
			"from": [13, 1.5, 2],
			"to": [13.1, 2.5, 5],
			"rotation": {"angle": 0, "axis": "y", "origin": [9, 0, 0]},
			"faces": {
				"north": {"uv": [2, 14, 2.5, 14.5], "texture": "#1"},
				"east": {"uv": [1.5, 12.5, 3, 13], "texture": "#1"},
				"south": {"uv": [14, 2, 14.5, 2.5], "texture": "#1"},
				"west": {"uv": [3, 12.5, 4.5, 13], "texture": "#1"},
				"up": {"uv": [5, 14, 4.5, 12.5], "texture": "#1"},
				"down": {"uv": [5.5, 12.5, 5, 14], "texture": "#1"}
			}
		},
		{
			"from": [11.9, 1.5, 9.25],
			"to": [12, 2.5, 12.25],
			"rotation": {"angle": 0, "axis": "y", "origin": [9, 0, 0]},
			"faces": {
				"north": {"uv": [2.5, 14, 3, 14.5], "texture": "#1"},
				"east": {"uv": [10, 12.5, 11.5, 13], "texture": "#1"},
				"south": {"uv": [14, 2.5, 14.5, 3], "texture": "#1"},
				"west": {"uv": [12.5, 10, 14, 10.5], "texture": "#1"},
				"up": {"uv": [6, 14, 5.5, 12.5], "texture": "#1"},
				"down": {"uv": [12.5, 12.5, 12, 14], "texture": "#1"}
			}
		},
		{
			"from": [13, 1.5, 9.25],
			"to": [13.1, 2.5, 12.25],
			"rotation": {"angle": 0, "axis": "y", "origin": [9, 0, 0]},
			"faces": {
				"north": {"uv": [3, 14, 3.5, 14.5], "texture": "#1"},
				"east": {"uv": [12.5, 10.5, 14, 11], "texture": "#1"},
				"south": {"uv": [14, 3, 14.5, 3.5], "texture": "#1"},
				"west": {"uv": [12.5, 11, 14, 11.5], "texture": "#1"},
				"up": {"uv": [13, 14, 12.5, 12.5], "texture": "#1"},
				"down": {"uv": [13.5, 1, 13, 2.5], "texture": "#1"}
			}
		},
		{
			"from": [12.002, -7, 8.9],
			"to": [12.998, 4.242, 9.9],
			"rotation": {"angle": -45, "axis": "x", "origin": [9, 0, 0]},
			"faces": {
				"north": {"uv": [3, 7, 3.5, 12.5], "texture": "#1"},
				"east": {"uv": [3.5, 7, 4, 12.5], "texture": "#1"},
				"south": {"uv": [4, 7, 4.5, 12.5], "texture": "#1"},
				"west": {"uv": [4.5, 7, 5, 12.5], "texture": "#1"},
				"up": {"uv": [4, 14.5, 3.5, 14], "texture": "#1"},
				"down": {"uv": [14.5, 3.5, 14, 4], "texture": "#1"}
			}
		},
		{
			"from": [12, 2, 3],
			"to": [13, 10, 4],
			"rotation": {"angle": 0, "axis": "x", "origin": [9, 0, 0]},
			"faces": {
				"north": {"uv": [8, 10, 8.5, 14], "texture": "#1"},
				"east": {"uv": [8.5, 10, 9, 14], "texture": "#1"},
				"south": {"uv": [9, 10, 9.5, 14], "texture": "#1"},
				"west": {"uv": [9.5, 10, 10, 14], "texture": "#1"},
				"up": {"uv": [4.5, 14.5, 4, 14], "texture": "#1"},
				"down": {"uv": [5, 14, 4.5, 14.5], "texture": "#1"}
			}
		},
		{
			"from": [12, 2, 2],
			"to": [13, 2.5, 3],
			"rotation": {"angle": 0, "axis": "x", "origin": [9, 0, 0]},
			"faces": {
				"north": {"uv": [5, 14, 5.5, 14.5], "texture": "#1"},
				"east": {"uv": [14, 5, 14.5, 5.5], "texture": "#1"},
				"south": {"uv": [5.5, 14, 6, 14.5], "texture": "#1"},
				"west": {"uv": [14, 5.5, 14.5, 6], "texture": "#1"},
				"up": {"uv": [6.5, 14.5, 6, 14], "texture": "#1"},
				"down": {"uv": [14.5, 6, 14, 6.5], "texture": "#1"}
			}
		},
		{
			"from": [12, 2, 4],
			"to": [13, 2.5, 5],
			"rotation": {"angle": 0, "axis": "x", "origin": [9, 0, 0]},
			"faces": {
				"north": {"uv": [6.5, 14, 7, 14.5], "texture": "#1"},
				"east": {"uv": [14, 6.5, 14.5, 7], "texture": "#1"},
				"south": {"uv": [7, 14, 7.5, 14.5], "texture": "#1"},
				"west": {"uv": [14, 7, 14.5, 7.5], "texture": "#1"},
				"up": {"uv": [8, 14.5, 7.5, 14], "texture": "#1"},
				"down": {"uv": [14.5, 7.5, 14, 8], "texture": "#1"}
			}
		},
		{
			"from": [12, 2, 9.25],
			"to": [13, 2.5, 10.25],
			"rotation": {"angle": 0, "axis": "x", "origin": [9, 0, 0]},
			"faces": {
				"north": {"uv": [8, 14, 8.5, 14.5], "texture": "#1"},
				"east": {"uv": [14, 8, 14.5, 8.5], "texture": "#1"},
				"south": {"uv": [8.5, 14, 9, 14.5], "texture": "#1"},
				"west": {"uv": [14, 8.5, 14.5, 9], "texture": "#1"},
				"up": {"uv": [9.5, 14.5, 9, 14], "texture": "#1"},
				"down": {"uv": [14.5, 9, 14, 9.5], "texture": "#1"}
			}
		},
		{
			"from": [12, 2, 11.25],
			"to": [13, 2.5, 12.25],
			"rotation": {"angle": 0, "axis": "x", "origin": [9, 0, 0]},
			"faces": {
				"north": {"uv": [9.5, 14, 10, 14.5], "texture": "#1"},
				"east": {"uv": [14, 9.5, 14.5, 10], "texture": "#1"},
				"south": {"uv": [10, 14, 10.5, 14.5], "texture": "#1"},
				"west": {"uv": [14, 10, 14.5, 10.5], "texture": "#1"},
				"up": {"uv": [11, 14.5, 10.5, 14], "texture": "#1"},
				"down": {"uv": [14.5, 10.5, 14, 11], "texture": "#1"}
			}
		},
		{
			"from": [2, 8, 2],
			"to": [14, 10, 3],
			"faces": {
				"north": {"uv": [6, 1, 12, 2], "texture": "#1"},
				"east": {"uv": [13, 7.5, 13.5, 8.5], "texture": "#1"},
				"south": {"uv": [6, 2, 12, 3], "texture": "#1"},
				"west": {"uv": [13, 8.5, 13.5, 9.5], "texture": "#1"},
				"up": {"uv": [13, 9.5, 7, 9], "texture": "#1"},
				"down": {"uv": [13, 9.5, 7, 10], "texture": "#1"}
			}
		}
	],
	"gui_light": "front",
	"display": {
		"thirdperson_righthand": {
			"rotation": [90, 0, 0],
			"translation": [0, 2.25, 4.5],
			"scale": [0.6, 0.6, 0.6]
		},
		"thirdperson_lefthand": {
			"rotation": [90, 0, 0],
			"translation": [0, 2.25, 4.5],
			"scale": [0.6, 0.6, 0.6]
		},
		"firstperson_righthand": {
			"rotation": [50, 0, 75],
			"translation": [3, 0.5, -6]
		},
		"firstperson_lefthand": {
			"rotation": [50, 0, 75],
			"translation": [3, 0.5, -6]
		},
		"ground": {
			"translation": [0, 2.5, 0],
			"scale": [0.5, 0.5, 0.5]
		},
		"gui": {
			"rotation": [0, 180, 0]
		},
		"head": {
			"rotation": [90, 0, 0],
			"translation": [0, 0, 14.5]
		},
		"fixed": {
			"rotation": [-90, 0, 0],
			"translation": [0, 0, -8]
		}
	},
	"groups": [
		{
			"name": "rail",
			"origin": [8, 8, 8],
			"color": 0,
			"children": [0, 1]
		},
		{
			"name": "steps",
			"origin": [8, 8, 8],
			"color": 0,
			"children": [2, 3, 4, 5]
		},
		{
			"name": "prellbock",
			"origin": [8, 8, 8],
			"color": 0,
			"children": [
				{
					"name": "left",
					"origin": [8, 8, 8],
					"color": 0,
					"children": [
						{
							"name": "connections",
							"origin": [8, 8, 8],
							"color": 0,
							"children": [6, 7, 8, 9]
						},
						10,
						11,
						12,
						13,
						14,
						15
					]
				},
				{
					"name": "right",
					"origin": [8, 8, 8],
					"color": 0,
					"children": [
						{
							"name": "connections",
							"origin": [8, 8, 8],
							"color": 0,
							"children": [16, 17, 18, 19]
						},
						20,
						21,
						22,
						23,
						24,
						25
					]
				},
				{
					"name": "wood",
					"origin": [8, 8, 8],
					"color": 0,
					"children": [26]
				}
			]
		}
	]
}